-- phpMyAdmin SQL Dump
-- version 4.8.3
-- https://www.phpmyadmin.net/
--
-- Host: localhost:3306
-- Generation Time: May 29, 2020 at 03:36 PM
-- Server version: 5.6.41-84.1
-- PHP Version: 7.2.7

SET SQL_MODE = "NO_AUTO_VALUE_ON_ZERO";
SET AUTOCOMMIT = 0;
START TRANSACTION;
SET time_zone = "+00:00";


/*!40101 SET @OLD_CHARACTER_SET_CLIENT=@@CHARACTER_SET_CLIENT */;
/*!40101 SET @OLD_CHARACTER_SET_RESULTS=@@CHARACTER_SET_RESULTS */;
/*!40101 SET @OLD_COLLATION_CONNECTION=@@COLLATION_CONNECTION */;
/*!40101 SET NAMES utf8mb4 */;

--
-- Database: `irondotc_travexer`
--

-- --------------------------------------------------------

--
-- Table structure for table `about_us`
--

CREATE TABLE `about_us` (
  `about_us_id` int(11) NOT NULL,
  `created_at` timestamp NOT NULL DEFAULT CURRENT_TIMESTAMP,
  `updated_at` timestamp NULL DEFAULT NULL
) ENGINE=InnoDB DEFAULT CHARSET=utf8mb4 COLLATE=utf8mb4_unicode_ci;

--
-- Dumping data for table `about_us`
--

INSERT INTO `about_us` (`about_us_id`, `created_at`, `updated_at`) VALUES
(1, '2020-04-12 07:39:19', NULL);

-- --------------------------------------------------------

--
-- Table structure for table `about_us_description`
--

CREATE TABLE `about_us_description` (
  `about_us_description_id` int(11) NOT NULL,
  `about_description` varchar(255) COLLATE utf8mb4_unicode_ci NOT NULL,
  `about_mission` varchar(255) COLLATE utf8mb4_unicode_ci NOT NULL,
  `about_vission` varchar(255) COLLATE utf8mb4_unicode_ci NOT NULL,
  `about_values` varchar(255) COLLATE utf8mb4_unicode_ci NOT NULL,
  `about_us_id` int(11) NOT NULL,
  `language_id` int(11) NOT NULL,
  `created_at` timestamp NOT NULL DEFAULT CURRENT_TIMESTAMP,
  `updated_at` timestamp NULL DEFAULT NULL
) ENGINE=InnoDB DEFAULT CHARSET=utf8mb4 COLLATE=utf8mb4_unicode_ci;

--
-- Dumping data for table `about_us_description`
--

INSERT INTO `about_us_description` (`about_us_description_id`, `about_description`, `about_mission`, `about_vission`, `about_values`, `about_us_id`, `language_id`, `created_at`, `updated_at`) VALUES
(1, 'what?', 'what?', 'what?', 'what?', 1, 1, '2020-04-12 07:39:54', NULL),
(2, 'ماذا؟', 'ماذا؟', 'ماذا؟', 'ماذا؟', 1, 2, '2020-04-12 07:39:54', NULL);

-- --------------------------------------------------------

--
-- Table structure for table `administration`
--

CREATE TABLE `administration` (
  `id` int(11) NOT NULL,
  `name` varchar(80) COLLATE utf8mb4_unicode_ci NOT NULL,
  `email` varchar(255) COLLATE utf8mb4_unicode_ci NOT NULL,
  `phone` varchar(20) COLLATE utf8mb4_unicode_ci NOT NULL,
  `image` varchar(255) COLLATE utf8mb4_unicode_ci NOT NULL,
  `password` varchar(255) COLLATE utf8mb4_unicode_ci NOT NULL,
  `remember_token` varchar(255) COLLATE utf8mb4_unicode_ci DEFAULT NULL,
  `type` int(11) DEFAULT NULL,
  `type_id` int(11) DEFAULT NULL,
  `active` tinyint(1) NOT NULL DEFAULT '1',
  `token` text COLLATE utf8mb4_unicode_ci,
  `created_at` timestamp NOT NULL DEFAULT CURRENT_TIMESTAMP,
  `updated_at` timestamp NULL DEFAULT NULL
) ENGINE=InnoDB DEFAULT CHARSET=utf8mb4 COLLATE=utf8mb4_unicode_ci;

--
-- Dumping data for table `administration`
--

INSERT INTO `administration` (`id`, `name`, `email`, `phone`, `image`, `password`, `remember_token`, `type`, `type_id`, `active`, `token`, `created_at`, `updated_at`) VALUES
(1, 'Admin Travexer', 'admin@travexer.com', '01272252219', '/images/user/avatar_user.png', '$2y$10$XgOSYbQaH9o8rKnXk9AvYuKq6H5Pr/fqoIwfTD.z.tUEP3mvgKHQC', NULL, 1, 1, 1, '', '2020-04-05 12:24:08', NULL),
(5, 'Hassan Gamal', 'hassan.alex26@gmail.com', '01272252218', 'images/user/MLaKa90OBBevsAQy4dyQrFhGRfx0L1k4PnPPOj25.png', '$2y$10$2Y4kV4RckGk2Tw5d.tS8qeqwaZoUwzP87RNZtC9kDuzL8vy.oIZA2', NULL, 2, NULL, 1, NULL, '2020-04-14 13:40:00', NULL);

-- --------------------------------------------------------

--
-- Table structure for table `banners`
--

CREATE TABLE `banners` (
  `banner_id` int(11) NOT NULL,
  `banner_image` varchar(255) COLLATE utf8mb4_unicode_ci NOT NULL,
  `status` tinyint(1) NOT NULL DEFAULT '1',
  `created_at` timestamp NOT NULL DEFAULT CURRENT_TIMESTAMP,
  `updated_at` timestamp NULL DEFAULT NULL
) ENGINE=InnoDB DEFAULT CHARSET=utf8mb4 COLLATE=utf8mb4_unicode_ci;

--
-- Dumping data for table `banners`
--

INSERT INTO `banners` (`banner_id`, `banner_image`, `status`, `created_at`, `updated_at`) VALUES
(3, 'images/banner/MW5vSjxSdDHkum63unhF7vIjQv86Ix9OV5Tfsl9s.png', 1, '2020-04-19 10:21:56', NULL),
(4, 'images/banner/uvfDkb7A9gZuyz2qOhh6Ma7ywY7CpS4L8XuuDmCS.png', 1, '2020-04-19 10:21:56', NULL);

-- --------------------------------------------------------

--
-- Table structure for table `books`
--

CREATE TABLE `books` (
  `book_id` int(11) NOT NULL,
  `user_id` int(11) NOT NULL,
  `user_name` varchar(100) COLLATE utf8mb4_unicode_ci NOT NULL,
  `user_email` varchar(255) COLLATE utf8mb4_unicode_ci NOT NULL,
  `user_phone` varchar(15) COLLATE utf8mb4_unicode_ci NOT NULL,
  `user_gender` enum('male','female') COLLATE utf8mb4_unicode_ci NOT NULL,
  `user_country_id` int(11) NOT NULL,
  `user_city_id` int(11) NOT NULL,
  `guide_id` int(11) DEFAULT NULL,
  `guide_name` varchar(100) COLLATE utf8mb4_unicode_ci DEFAULT NULL,
  `guide_email` varchar(255) COLLATE utf8mb4_unicode_ci DEFAULT NULL,
  `guide_phone` varchar(15) COLLATE utf8mb4_unicode_ci DEFAULT NULL,
  `guide_price` int(11) DEFAULT NULL,
  `trip_id` int(11) DEFAULT NULL,
  `trip_category_id` int(11) DEFAULT NULL,
  `trip_title` varchar(80) COLLATE utf8mb4_unicode_ci DEFAULT NULL,
  `trip_description` varchar(150) COLLATE utf8mb4_unicode_ci DEFAULT NULL,
  `trip_price` int(11) DEFAULT NULL,
  `trip_discount` int(11) DEFAULT NULL,
  `trip_date` date DEFAULT NULL,
  `trip_time_from` time DEFAULT NULL,
  `trip_time_to` time DEFAULT NULL,
  `trip_child_percent` int(11) DEFAULT NULL,
  `no_of_adult` int(11) DEFAULT NULL,
  `no_of_child` int(11) DEFAULT NULL,
  `book_type` int(11) NOT NULL,
  `book_date` date NOT NULL,
  `book_time` time NOT NULL,
  `book_note` text COLLATE utf8mb4_unicode_ci,
  `book_status` int(11) NOT NULL,
  `created_at` timestamp NOT NULL DEFAULT CURRENT_TIMESTAMP,
  `updated_at` timestamp NULL DEFAULT NULL
) ENGINE=InnoDB DEFAULT CHARSET=utf8mb4 COLLATE=utf8mb4_unicode_ci;

--
-- Dumping data for table `books`
--

INSERT INTO `books` (`book_id`, `user_id`, `user_name`, `user_email`, `user_phone`, `user_gender`, `user_country_id`, `user_city_id`, `guide_id`, `guide_name`, `guide_email`, `guide_phone`, `guide_price`, `trip_id`, `trip_category_id`, `trip_title`, `trip_description`, `trip_price`, `trip_discount`, `trip_date`, `trip_time_from`, `trip_time_to`, `trip_child_percent`, `no_of_adult`, `no_of_child`, `book_type`, `book_date`, `book_time`, `book_note`, `book_status`, `created_at`, `updated_at`) VALUES
(1, 1, 'Hassan', 'hassan.alex26@yahoo.com', '01272252219', 'male', 1, 3, 2, 'Hassan Gamal', 'hassan.alex27@yahoo.com', '01272252218', 20, NULL, NULL, NULL, NULL, NULL, NULL, NULL, NULL, NULL, NULL, NULL, NULL, 1, '2020-03-29', '12:50:33', NULL, 3, '2020-03-30 12:50:33', NULL),
(2, 1, 'Hassan', 'hassan.alex26@yahoo.com', '01272252219', 'male', 1, 3, 2, 'Hassan Gamal', 'hassan.alex27@yahoo.com', '01272252218', 20, NULL, NULL, NULL, NULL, NULL, NULL, NULL, NULL, NULL, NULL, NULL, NULL, 1, '2020-03-30', '12:52:09', NULL, 1, '2020-03-30 12:52:09', NULL),
(3, 1, 'Hassan', 'hassan.alex26@yahoo.com', '01272252219', 'male', 1, 3, 2, 'Hassan Gamal', 'hassan.alex27@yahoo.com', '01272252218', 20, NULL, NULL, NULL, NULL, NULL, NULL, NULL, NULL, NULL, NULL, NULL, NULL, 1, '2020-03-31', '12:00:00', NULL, 1, '2020-03-30 12:54:51', NULL),
(6, 1, 'Hassan', 'hassan.alex26@yahoo.com', '01272252219', 'male', 1, 3, 2, 'Hassan Gamal', 'hassan.alex27@yahoo.com', '01272252218', 20, NULL, NULL, NULL, NULL, NULL, NULL, NULL, NULL, NULL, NULL, NULL, NULL, 1, '2020-03-30', '14:52:59', NULL, 1, '2020-03-30 14:52:59', NULL),
(7, 1, 'Hassan', 'hassan.alex26@yahoo.com', '01272252219', 'male', 1, 3, NULL, NULL, NULL, NULL, NULL, 14, 1, 'test', 'testing testing', 20, 100, '2020-03-30', '12:19:48', '20:19:48', 20, 2, 1, 2, '2020-04-01', '12:00:00', NULL, 2, '2020-04-01 08:32:17', NULL);

-- --------------------------------------------------------

--
-- Table structure for table `book_trip_status`
--

CREATE TABLE `book_trip_status` (
  `book_trip_status` int(11) NOT NULL,
  `trip_id` int(11) NOT NULL,
  `status` int(11) NOT NULL,
  `created_at` timestamp NOT NULL DEFAULT CURRENT_TIMESTAMP,
  `updated_at` timestamp NULL DEFAULT NULL
) ENGINE=InnoDB DEFAULT CHARSET=utf8mb4 COLLATE=utf8mb4_unicode_ci;

--
-- Dumping data for table `book_trip_status`
--

INSERT INTO `book_trip_status` (`book_trip_status`, `trip_id`, `status`, `created_at`, `updated_at`) VALUES
(1, 14, 1, '2020-04-01 13:05:34', NULL);

-- --------------------------------------------------------

--
-- Table structure for table `broadcasts`
--

CREATE TABLE `broadcasts` (
  `broadcast_id` int(11) NOT NULL,
  `user_id` int(11) NOT NULL,
  `broadcast_date` date NOT NULL,
  `service_id` int(11) NOT NULL,
  `country_id` int(11) NOT NULL,
  `city_id` int(11) NOT NULL,
  `nationality_id` int(11) NOT NULL,
  `broadcast_stat_time` time NOT NULL,
  `broadcast_end_time` time NOT NULL,
  `broadcast_note` text COLLATE utf8mb4_unicode_ci NOT NULL,
  `created_at` timestamp NOT NULL DEFAULT CURRENT_TIMESTAMP,
  `updated` timestamp NULL DEFAULT NULL
) ENGINE=InnoDB DEFAULT CHARSET=utf8mb4 COLLATE=utf8mb4_unicode_ci;

--
-- Dumping data for table `broadcasts`
--

INSERT INTO `broadcasts` (`broadcast_id`, `user_id`, `broadcast_date`, `service_id`, `country_id`, `city_id`, `nationality_id`, `broadcast_stat_time`, `broadcast_end_time`, `broadcast_note`, `created_at`, `updated`) VALUES
(1, 1, '2020-03-31', 1, 1, 3, 1, '06:00:00', '16:00:00', 'thank you !', '2020-03-31 09:39:39', NULL),
(2, 1, '2020-04-05', 1, 1, 3, 1, '06:00:00', '13:00:00', 'thank you !', '2020-04-12 12:24:41', NULL);

-- --------------------------------------------------------

--
-- Table structure for table `broadcast_guides`
--

CREATE TABLE `broadcast_guides` (
  `broadcast_guides_id` int(11) NOT NULL,
  `broadcast_id` int(11) NOT NULL,
  `guide_id` int(11) NOT NULL,
  `status` int(11) NOT NULL,
  `created_at` timestamp NOT NULL DEFAULT CURRENT_TIMESTAMP,
  `updated_at` timestamp NULL DEFAULT NULL
) ENGINE=InnoDB DEFAULT CHARSET=utf8mb4 COLLATE=utf8mb4_unicode_ci;

--
-- Dumping data for table `broadcast_guides`
--

INSERT INTO `broadcast_guides` (`broadcast_guides_id`, `broadcast_id`, `guide_id`, `status`, `created_at`, `updated_at`) VALUES
(1, 1, 2, 2, '2020-03-31 10:02:20', NULL);

-- --------------------------------------------------------

--
-- Table structure for table `categories`
--

CREATE TABLE `categories` (
  `category_id` int(11) NOT NULL,
  `category_image` varchar(255) COLLATE utf8mb4_unicode_ci NOT NULL,
  `status` tinyint(1) NOT NULL DEFAULT '1',
  `created_at` timestamp NOT NULL DEFAULT CURRENT_TIMESTAMP,
  `updated_at` timestamp NULL DEFAULT NULL
) ENGINE=InnoDB DEFAULT CHARSET=utf8mb4 COLLATE=utf8mb4_unicode_ci;

--
-- Dumping data for table `categories`
--

INSERT INTO `categories` (`category_id`, `category_image`, `status`, `created_at`, `updated_at`) VALUES
(1, 'images/user/guide/attach/pic_9mDCAOYfKlJWqK4gZeX4mkOxFpilTnmgt30r3zqlLB2h5In1C70yKQhX2UcE.jpg', 1, '2020-03-30 08:13:36', NULL);

-- --------------------------------------------------------

--
-- Table structure for table `category_description`
--

CREATE TABLE `category_description` (
  `category_description_id` int(11) NOT NULL,
  `category_name` varchar(50) COLLATE utf8mb4_unicode_ci NOT NULL,
  `category_description` varchar(100) COLLATE utf8mb4_unicode_ci NOT NULL,
  `category_id` int(11) NOT NULL,
  `language_id` int(11) NOT NULL,
  `created_at` timestamp NOT NULL DEFAULT CURRENT_TIMESTAMP,
  `updated_at` timestamp NULL DEFAULT NULL
) ENGINE=InnoDB DEFAULT CHARSET=utf8mb4 COLLATE=utf8mb4_unicode_ci;

--
-- Dumping data for table `category_description`
--

INSERT INTO `category_description` (`category_description_id`, `category_name`, `category_description`, `category_id`, `language_id`, `created_at`, `updated_at`) VALUES
(1, 'Trekking', 'Lorem Ipsum has been Lorem Ipsum has been ', 1, 1, '2020-03-30 08:16:32', NULL),
(2, 'الرحلات', 'لوريم إيبسوم كان لوريم إيبسوم', 1, 2, '2020-03-30 08:16:32', NULL);

-- --------------------------------------------------------

--
-- Table structure for table `cities`
--

CREATE TABLE `cities` (
  `city_id` int(11) NOT NULL,
  `country_id` int(11) NOT NULL,
  `status` tinyint(1) NOT NULL DEFAULT '1',
  `created_at` timestamp NOT NULL DEFAULT CURRENT_TIMESTAMP ON UPDATE CURRENT_TIMESTAMP,
  `updated_at` timestamp NULL DEFAULT NULL
) ENGINE=InnoDB DEFAULT CHARSET=utf8;

--
-- Dumping data for table `cities`
--

INSERT INTO `cities` (`city_id`, `country_id`, `status`, `created_at`, `updated_at`) VALUES
(1, 1, 1, '2020-04-07 08:34:12', NULL),
(2, 1, 1, '2020-04-07 08:34:12', NULL),
(3, 1, 1, '2019-11-20 16:13:57', NULL),
(4, 1, 1, '2019-11-20 16:13:57', NULL),
(5, 1, 1, '2019-11-20 16:13:57', NULL),
(29, 4, 1, '2020-05-19 12:28:54', NULL),
(30, 4, 1, '2020-05-19 12:29:37', NULL);

-- --------------------------------------------------------

--
-- Table structure for table `city_description`
--

CREATE TABLE `city_description` (
  `city_description_id` int(11) NOT NULL,
  `city_name` varchar(50) NOT NULL,
  `city_id` int(11) NOT NULL,
  `language_id` int(11) NOT NULL,
  `created_at` timestamp NOT NULL DEFAULT CURRENT_TIMESTAMP ON UPDATE CURRENT_TIMESTAMP,
  `updated_at` timestamp NULL DEFAULT NULL
) ENGINE=InnoDB DEFAULT CHARSET=utf8;

--
-- Dumping data for table `city_description`
--

INSERT INTO `city_description` (`city_description_id`, `city_name`, `city_id`, `language_id`, `created_at`, `updated_at`) VALUES
(1, 'Cairo', 1, 1, '2019-11-20 16:15:52', NULL),
(2, 'القاهرة', 1, 2, '2019-11-20 16:15:52', NULL),
(3, 'Giza', 2, 1, '2019-11-20 16:36:41', NULL),
(4, 'الجيزة', 2, 2, '2019-11-20 16:36:41', NULL),
(5, 'Alexandria', 3, 1, '2019-11-20 16:36:41', NULL),
(6, 'الأسكندرية', 3, 2, '2019-11-20 16:36:41', NULL),
(7, 'Dakahlia', 4, 1, '2019-11-20 16:36:41', NULL),
(8, 'الدقهلية', 4, 2, '2019-11-20 16:36:41', NULL),
(9, 'Red Sea', 5, 1, '2019-11-20 16:36:41', NULL),
(10, 'البحر الأحمر', 5, 2, '2019-11-20 16:36:41', NULL),
(60, 'Jeddah', 29, 1, '2020-05-19 12:28:54', NULL),
(61, 'جدة', 29, 2, '2020-05-19 12:28:54', NULL),
(62, 'Mecca', 30, 1, '2020-05-19 12:29:37', NULL),
(63, 'مكة', 30, 2, '2020-05-19 12:29:37', NULL);

-- --------------------------------------------------------

--
-- Table structure for table `contacts`
--

CREATE TABLE `contacts` (
  `contact_id` int(11) NOT NULL,
  `contact_name` varchar(100) NOT NULL,
  `contact_email` varchar(255) NOT NULL,
  `contact_phone` varchar(20) NOT NULL,
  `contact_subject` varchar(100) NOT NULL,
  `contact_message` text NOT NULL,
  `contact_from` int(11) NOT NULL,
  `contact_read` tinyint(1) NOT NULL DEFAULT '0',
  `notify_read` tinyint(1) NOT NULL DEFAULT '0',
  `created_at` timestamp NOT NULL DEFAULT CURRENT_TIMESTAMP,
  `updated_at` timestamp NULL DEFAULT NULL
) ENGINE=InnoDB DEFAULT CHARSET=utf8;

--
-- Dumping data for table `contacts`
--

INSERT INTO `contacts` (`contact_id`, `contact_name`, `contact_email`, `contact_phone`, `contact_subject`, `contact_message`, `contact_from`, `contact_read`, `notify_read`, `created_at`, `updated_at`) VALUES
(2, 'Hassan', 'hassan.alex26@yahoo.com', '0127725519', 'hello', 'What are you doing?', 0, 0, 0, '2020-04-22 11:27:47', NULL),
(3, 'Hassan', 'hassan.alex26@yahoo.com', '0127725519', 'hello', 'What are you doing?', 0, 0, 0, '2020-04-22 12:39:46', NULL),
(4, 'Hassan', 'hassan.alex26@yahoo.com', '0127725519', 'hello', 'What are you doing?', 0, 0, 0, '2020-04-22 12:40:25', NULL),
(5, 'DAASD', 'jnl@sa.com', '3546546354', 'laskjdn', 'lkdnf', 0, 0, 0, '2020-05-26 13:39:51', NULL),
(6, 'DAASD', 'jnl@sa.com', '3546546354', 'gghhf', 'gichh', 0, 0, 0, '2020-05-26 13:40:35', NULL),
(7, 'fhgf', 'ghgf@hjhh.com', '01229104855', 'gfdgf', 'vj vy', 0, 0, 0, '2020-05-26 13:56:22', NULL),
(8, 'fhgf', 'ghgf@hjhh.com', '01229104855', 'jgfh', 'vgjbh', 0, 0, 0, '2020-05-26 14:17:54', NULL),
(9, 'fhgf', 'ghgf@hjhh.com', '01229104855', 'jgfh', 'vgjbh', 0, 0, 0, '2020-05-26 14:17:59', NULL),
(10, 'امل', 'axx@djd.fj', '94654516457', 'بتيت', 'طتطت', 0, 0, 0, '2020-05-26 14:52:26', NULL),
(11, 'امل', 'axx@djd.fj', '94654516457', 'بتيت', 'طتطت', 0, 0, 0, '2020-05-26 14:52:29', NULL),
(12, 'امل', 'axx@djd.fj', '94654516457', 'بتيتبتبت', 'طتطت', 0, 0, 0, '2020-05-26 14:52:35', NULL),
(13, 'امل', 'axx@djd.fj', '94654516457', 'اااال', 'لللللل', 0, 0, 0, '2020-05-26 14:53:01', NULL),
(14, 'امل', 'axx@djd.fj', '94654516457', 'اااال', 'لللللل', 0, 0, 0, '2020-05-26 14:53:05', NULL),
(15, 'امل', 'axx@djd.fj', '94654516457', 'اااال', 'لللللل', 0, 0, 0, '2020-05-26 14:53:08', NULL),
(16, 'fhgf', 'ghgf@hjhh.com', '01229104855', 'hffhct', 'vhvhg', 0, 0, 0, '2020-05-26 15:13:49', NULL),
(17, 'fhgf', 'ghgf@hjhh.com', '01229104855', 'hjcgh', 'hjbhjv', 0, 0, 0, '2020-05-26 15:14:00', NULL),
(18, 'fhgf', 'ghgf@hjhh.com', '01229104855', 'hjcfbvb', 'bjnvhbg', 0, 0, 0, '2020-05-26 15:22:36', NULL),
(19, 'fhgf', 'ghgf@hjhh.com', '01229104855', 'hbchv', 'ch vb', 0, 0, 0, '2020-05-26 15:26:22', NULL),
(20, 'fhgf', 'ghgf@hjhh.com', '01229104855', 'vjvhv', 'gubhbg', 0, 0, 0, '2020-05-26 15:27:25', NULL),
(21, 'fhgf', 'ghgf@hjhh.com', '01229104855', 'ghggg', 'hjghgy', 0, 0, 0, '2020-05-26 15:28:01', NULL),
(22, 'امل', 'amal@fjf.ds', '435664578136', 'تتتت', 'تتتت', 0, 0, 0, '2020-05-26 15:46:43', NULL),
(23, 'امل', 'amal@fjf.ds', '435664578136', 'تتتت', 'تتتت', 0, 0, 0, '2020-05-26 15:46:44', NULL),
(24, 'امل', 'amal@fjf.ds', '435664578136', 'تتتت', 'تتتت', 0, 0, 0, '2020-05-26 15:46:44', NULL),
(25, 'امل', 'amal@fjf.ds', '435664578136', 'تتتت', 'تتتت', 0, 0, 0, '2020-05-26 15:46:44', NULL),
(26, 'امل', 'amal@fjf.ds', '435664578136', 'تتت', 'تت', 0, 0, 0, '2020-05-26 15:46:53', NULL),
(27, 'امل', 'amal@fjf.ds', '435664578136', 'تتت', 'تت', 0, 0, 0, '2020-05-26 15:46:54', NULL),
(28, 'امل', 'amal@fjf.ds', '435664578136', 'تتت', 'تتت', 0, 0, 0, '2020-05-26 15:47:04', NULL);

-- --------------------------------------------------------

--
-- Table structure for table `countries`
--

CREATE TABLE `countries` (
  `country_id` int(11) NOT NULL,
  `status` tinyint(1) NOT NULL DEFAULT '1',
  `created_at` timestamp NOT NULL DEFAULT CURRENT_TIMESTAMP ON UPDATE CURRENT_TIMESTAMP,
  `updated_at` timestamp NULL DEFAULT NULL
) ENGINE=InnoDB DEFAULT CHARSET=utf8;

--
-- Dumping data for table `countries`
--

INSERT INTO `countries` (`country_id`, `status`, `created_at`, `updated_at`) VALUES
(1, 1, '2020-04-07 08:41:13', NULL),
(3, 1, '2020-04-11 08:01:33', NULL),
(4, 1, '2020-04-30 11:22:49', NULL);

-- --------------------------------------------------------

--
-- Table structure for table `country_description`
--

CREATE TABLE `country_description` (
  `country_description_id` int(11) NOT NULL,
  `country_name` varchar(100) NOT NULL,
  `country_id` int(11) NOT NULL,
  `language_id` int(11) NOT NULL,
  `created_at` timestamp NOT NULL DEFAULT CURRENT_TIMESTAMP ON UPDATE CURRENT_TIMESTAMP,
  `updated_at` timestamp NULL DEFAULT NULL
) ENGINE=InnoDB DEFAULT CHARSET=utf8;

--
-- Dumping data for table `country_description`
--

INSERT INTO `country_description` (`country_description_id`, `country_name`, `country_id`, `language_id`, `created_at`, `updated_at`) VALUES
(1, 'Egypt', 1, 1, '2019-11-20 15:20:51', NULL),
(2, 'مصر', 1, 2, '2019-11-20 15:20:51', NULL),
(3, 'Saudi Arabia', 2, 1, '2020-04-07 08:02:10', NULL),
(4, 'السعوديه العربيه', 2, 2, '2020-04-07 08:02:10', NULL),
(5, 'Saudi Arabia', 4, 1, '2020-04-30 11:22:49', NULL),
(6, 'السعودية', 4, 2, '2020-05-11 19:07:34', NULL);

-- --------------------------------------------------------

--
-- Table structure for table `dolanes`
--

CREATE TABLE `dolanes` (
  `dolane_id` int(11) NOT NULL,
  `dolane_phone` varchar(13) COLLATE utf8mb4_unicode_ci NOT NULL,
  `dolane_latitude` float NOT NULL,
  `dolane_longitude` float NOT NULL,
  `created_at` timestamp NOT NULL DEFAULT CURRENT_TIMESTAMP,
  `updated_at` timestamp NULL DEFAULT NULL
) ENGINE=InnoDB DEFAULT CHARSET=utf8mb4 COLLATE=utf8mb4_unicode_ci;

--
-- Dumping data for table `dolanes`
--

INSERT INTO `dolanes` (`dolane_id`, `dolane_phone`, `dolane_latitude`, `dolane_longitude`, `created_at`, `updated_at`) VALUES
(1, '01225895858', 123456, 987654, '2020-03-31 08:55:28', NULL);

-- --------------------------------------------------------

--
-- Table structure for table `dolane_description`
--

CREATE TABLE `dolane_description` (
  `dolane_description_id` int(11) NOT NULL,
  `dolane_name` varchar(80) COLLATE utf8mb4_unicode_ci NOT NULL,
  `dolane_description` text COLLATE utf8mb4_unicode_ci NOT NULL,
  `dolane_id` int(11) NOT NULL,
  `language_id` int(11) NOT NULL,
  `created_at` timestamp NOT NULL DEFAULT CURRENT_TIMESTAMP,
  `updated_at` timestamp NULL DEFAULT NULL
) ENGINE=InnoDB DEFAULT CHARSET=utf8mb4 COLLATE=utf8mb4_unicode_ci;

--
-- Dumping data for table `dolane_description`
--

INSERT INTO `dolane_description` (`dolane_description_id`, `dolane_name`, `dolane_description`, `dolane_id`, `language_id`, `created_at`, `updated_at`) VALUES
(1, 'John Doe Tours', 'Lorem Ipsum has been the industry\'s standard dummy', 1, 1, '2020-03-31 08:56:21', NULL),
(2, 'جون دو جولات', 'لوريم إيبسوم هو النص الوهمي القياسي للصناعة لوريم إيبسوم هو النص الوهمي القياسي للصناعة', 1, 2, '2020-03-31 08:56:21', NULL);

-- --------------------------------------------------------

--
-- Table structure for table `dolane_image`
--

CREATE TABLE `dolane_image` (
  `dolane_image_id` int(11) NOT NULL,
  `dolane_image` varchar(255) COLLATE utf8mb4_unicode_ci NOT NULL,
  `dolane_id` int(11) NOT NULL,
  `status` tinyint(1) NOT NULL DEFAULT '1',
  `created_at` timestamp NOT NULL DEFAULT CURRENT_TIMESTAMP,
  `updated_at` timestamp NULL DEFAULT NULL
) ENGINE=InnoDB DEFAULT CHARSET=utf8mb4 COLLATE=utf8mb4_unicode_ci;

--
-- Dumping data for table `dolane_image`
--

INSERT INTO `dolane_image` (`dolane_image_id`, `dolane_image`, `dolane_id`, `status`, `created_at`, `updated_at`) VALUES
(1, 'images/trips/trip_2ywfOW1G2VCeqPhlgMld3SJMKbmBCfQOb4WSFUssYoec7L5pUkWpAgsgOapa.jpg', 1, 1, '2020-03-31 08:56:44', NULL),
(2, 'images/trips/trip_2ywfOW1G2VCeqPhlgMld3SJMKbmBCfQOb4WSFUssYoec7L5pUkWpAgsgOapa.jpg', 1, 1, '2020-03-31 08:56:44', NULL),
(3, 'images/dolane/wRDctat0c4PlszXJlAVqeIfkYf6ZN7c4ESNNsbw3.png', 1, 1, '2020-04-07 13:35:48', NULL),
(4, 'images/dolane/AuR9DFqKfK0lN0F4IDGw0rOkFg5AM878fc39KYKx.png', 1, 1, '2020-04-07 13:35:48', NULL);

-- --------------------------------------------------------

--
-- Table structure for table `faqs`
--

CREATE TABLE `faqs` (
  `faq_id` int(11) NOT NULL,
  `status` tinyint(1) NOT NULL DEFAULT '1',
  `created_at` timestamp NOT NULL DEFAULT CURRENT_TIMESTAMP,
  `updated_at` timestamp NULL DEFAULT NULL
) ENGINE=InnoDB DEFAULT CHARSET=utf8mb4 COLLATE=utf8mb4_unicode_ci;

-- --------------------------------------------------------

--
-- Table structure for table `faq_description`
--

CREATE TABLE `faq_description` (
  `faq_description_id` int(11) NOT NULL,
  `faq_question` varchar(150) COLLATE utf8mb4_unicode_ci NOT NULL,
  `faq_answer` varchar(255) COLLATE utf8mb4_unicode_ci NOT NULL,
  `faq_id` int(11) NOT NULL,
  `language_id` int(11) NOT NULL,
  `created_at` timestamp NOT NULL DEFAULT CURRENT_TIMESTAMP,
  `updated_at` timestamp NULL DEFAULT NULL
) ENGINE=InnoDB DEFAULT CHARSET=utf8mb4 COLLATE=utf8mb4_unicode_ci;

-- --------------------------------------------------------

--
-- Table structure for table `history_status`
--

CREATE TABLE `history_status` (
  `history_status_id` int(11) NOT NULL,
  `book_id` int(11) NOT NULL,
  `status_id` int(11) NOT NULL,
  `comment` varchar(150) DEFAULT NULL,
  `created_at` timestamp NOT NULL DEFAULT CURRENT_TIMESTAMP,
  `updated_at` timestamp NULL DEFAULT NULL
) ENGINE=InnoDB DEFAULT CHARSET=utf8;

--
-- Dumping data for table `history_status`
--

INSERT INTO `history_status` (`history_status_id`, `book_id`, `status_id`, `comment`, `created_at`, `updated_at`) VALUES
(1, 6, 1, NULL, '2020-03-30 15:52:59', NULL),
(2, 1, 3, NULL, '2020-03-30 15:55:27', NULL),
(3, 7, 1, NULL, '2020-04-01 09:32:17', NULL),
(4, 7, 2, NULL, '2020-04-01 10:44:00', NULL);

-- --------------------------------------------------------

--
-- Table structure for table `languages`
--

CREATE TABLE `languages` (
  `language_id` int(11) NOT NULL,
  `language_name` varchar(20) NOT NULL,
  `language_code` varchar(20) NOT NULL,
  `created_at` timestamp NOT NULL DEFAULT CURRENT_TIMESTAMP ON UPDATE CURRENT_TIMESTAMP,
  `updated_at` timestamp NULL DEFAULT NULL
) ENGINE=InnoDB DEFAULT CHARSET=utf8;

--
-- Dumping data for table `languages`
--

INSERT INTO `languages` (`language_id`, `language_name`, `language_code`, `created_at`, `updated_at`) VALUES
(1, 'English', 'en', '2019-11-16 09:57:36', NULL),
(2, 'اللغة العربية', 'ar', '2019-11-16 09:57:36', NULL);

-- --------------------------------------------------------

--
-- Table structure for table `manage_role`
--

CREATE TABLE `manage_role` (
  `manage_role_id` int(11) NOT NULL,
  `admin_id` int(11) NOT NULL,
  `user_view` tinyint(1) NOT NULL DEFAULT '0',
  `user_create` tinyint(1) NOT NULL DEFAULT '0',
  `user_update` tinyint(1) NOT NULL DEFAULT '0',
  `user_delete` tinyint(1) NOT NULL DEFAULT '0',
  `guide_view` tinyint(1) DEFAULT '0',
  `guide_create` tinyint(1) NOT NULL DEFAULT '0',
  `guide_update` tinyint(1) NOT NULL DEFAULT '0',
  `guide_delete` tinyint(1) NOT NULL DEFAULT '0',
  `company_view` tinyint(1) NOT NULL DEFAULT '0',
  `company_create` tinyint(1) NOT NULL DEFAULT '0',
  `company_update` tinyint(1) NOT NULL DEFAULT '0',
  `company_delete` tinyint(1) NOT NULL DEFAULT '0',
  `advertisement_view` tinyint(1) NOT NULL DEFAULT '0',
  `advertisement_create` tinyint(1) NOT NULL DEFAULT '0',
  `advertisement_update` tinyint(1) NOT NULL DEFAULT '0',
  `advertisement_delete` tinyint(1) NOT NULL DEFAULT '0',
  `page_view` tinyint(1) NOT NULL DEFAULT '0',
  `page_update` tinyint(1) NOT NULL DEFAULT '0',
  `notification_view` tinyint(1) NOT NULL DEFAULT '0',
  `notification_create` tinyint(1) NOT NULL DEFAULT '0',
  `notification_delete` tinyint(1) NOT NULL DEFAULT '0',
  `contact_view` tinyint(1) NOT NULL DEFAULT '0',
  `contact_delete` tinyint(1) NOT NULL DEFAULT '0',
  `rate_view` tinyint(1) NOT NULL DEFAULT '0',
  `rate_delete` tinyint(1) NOT NULL DEFAULT '0',
  `country_view` tinyint(1) NOT NULL DEFAULT '0',
  `country_create` tinyint(1) NOT NULL DEFAULT '0',
  `country_update` tinyint(1) NOT NULL DEFAULT '0',
  `country_delete` tinyint(1) DEFAULT '0',
  `city_view` tinyint(1) NOT NULL DEFAULT '0',
  `city_create` tinyint(1) NOT NULL DEFAULT '0',
  `city_update` tinyint(1) NOT NULL DEFAULT '0',
  `city_delete` tinyint(1) NOT NULL DEFAULT '0',
  `nationality_view` tinyint(1) NOT NULL DEFAULT '0',
  `nationality_create` tinyint(1) NOT NULL DEFAULT '0',
  `nationality_update` tinyint(1) NOT NULL DEFAULT '0',
  `nationality_delete` tinyint(1) NOT NULL DEFAULT '0',
  `service_view` tinyint(1) NOT NULL DEFAULT '0',
  `service_create` tinyint(1) NOT NULL DEFAULT '0',
  `service_update` int(11) NOT NULL DEFAULT '0',
  `service_delete` tinyint(1) NOT NULL DEFAULT '0',
  `dolane_update` tinyint(1) NOT NULL DEFAULT '0',
  `dolane_img_view` tinyint(1) NOT NULL DEFAULT '0',
  `dolane_img_create` tinyint(1) NOT NULL DEFAULT '0',
  `dolane_img_update` tinyint(1) NOT NULL DEFAULT '0',
  `dolane_img_delete` tinyint(1) NOT NULL DEFAULT '0',
  `faq_view` tinyint(1) NOT NULL DEFAULT '0',
  `faq_create` tinyint(1) NOT NULL DEFAULT '0',
  `faq_update` tinyint(1) NOT NULL DEFAULT '0',
  `faq_delete` tinyint(1) NOT NULL DEFAULT '0',
  `about_update` tinyint(1) NOT NULL DEFAULT '0',
  `screen_shot_view` tinyint(1) NOT NULL DEFAULT '0',
  `screen_shot_create` tinyint(1) NOT NULL DEFAULT '0',
  `screen_shot_update` tinyint(1) NOT NULL DEFAULT '0',
  `screen_shot_delete` tinyint(1) NOT NULL DEFAULT '0',
  `broadcast_view` tinyint(1) NOT NULL DEFAULT '0',
  `trip_view` tinyint(1) NOT NULL DEFAULT '0',
  `trip_update` tinyint(1) NOT NULL DEFAULT '0',
  `trip_info_view` tinyint(1) NOT NULL DEFAULT '0',
  `trip_info_update` tinyint(1) NOT NULL DEFAULT '0',
  `order_view` tinyint(1) NOT NULL DEFAULT '0',
  `admin_view` tinyint(1) NOT NULL DEFAULT '0',
  `admin_create` tinyint(1) NOT NULL DEFAULT '0',
  `admin_update` tinyint(1) NOT NULL DEFAULT '0',
  `admin_delete` tinyint(1) NOT NULL DEFAULT '0',
  `subscribe_view` tinyint(1) NOT NULL DEFAULT '0',
  `subscribe_delete` tinyint(1) NOT NULL DEFAULT '0',
  `created_at` timestamp NOT NULL DEFAULT CURRENT_TIMESTAMP,
  `updated_at` timestamp NULL DEFAULT NULL
) ENGINE=InnoDB DEFAULT CHARSET=utf8mb4 COLLATE=utf8mb4_unicode_ci;

--
-- Dumping data for table `manage_role`
--

INSERT INTO `manage_role` (`manage_role_id`, `admin_id`, `user_view`, `user_create`, `user_update`, `user_delete`, `guide_view`, `guide_create`, `guide_update`, `guide_delete`, `company_view`, `company_create`, `company_update`, `company_delete`, `advertisement_view`, `advertisement_create`, `advertisement_update`, `advertisement_delete`, `page_view`, `page_update`, `notification_view`, `notification_create`, `notification_delete`, `contact_view`, `contact_delete`, `rate_view`, `rate_delete`, `country_view`, `country_create`, `country_update`, `country_delete`, `city_view`, `city_create`, `city_update`, `city_delete`, `nationality_view`, `nationality_create`, `nationality_update`, `nationality_delete`, `service_view`, `service_create`, `service_update`, `service_delete`, `dolane_update`, `dolane_img_view`, `dolane_img_create`, `dolane_img_update`, `dolane_img_delete`, `faq_view`, `faq_create`, `faq_update`, `faq_delete`, `about_update`, `screen_shot_view`, `screen_shot_create`, `screen_shot_update`, `screen_shot_delete`, `broadcast_view`, `trip_view`, `trip_update`, `trip_info_view`, `trip_info_update`, `order_view`, `admin_view`, `admin_create`, `admin_update`, `admin_delete`, `subscribe_view`, `subscribe_delete`, `created_at`, `updated_at`) VALUES
(2, 5, 0, 1, 1, 1, 0, 1, 1, 1, 0, 1, 1, 1, 0, 1, 1, 1, 0, 1, 0, 1, 1, 0, 1, 0, 1, 0, 1, 1, 1, 0, 1, 1, 1, 0, 1, 1, 1, 0, 1, 1, 1, 0, 0, 1, 1, 1, 0, 1, 1, 1, 0, 0, 1, 1, 1, 0, 0, 1, 0, 1, 0, 0, 1, 1, 1, 0, 1, '2020-04-14 13:40:00', NULL);

-- --------------------------------------------------------

--
-- Table structure for table `migrations`
--

CREATE TABLE `migrations` (
  `id` int(10) UNSIGNED NOT NULL,
  `migration` varchar(255) COLLATE utf8mb4_unicode_ci NOT NULL,
  `batch` int(11) NOT NULL
) ENGINE=InnoDB DEFAULT CHARSET=utf8mb4 COLLATE=utf8mb4_unicode_ci;

--
-- Dumping data for table `migrations`
--

INSERT INTO `migrations` (`id`, `migration`, `batch`) VALUES
(1, '2016_06_01_000001_create_oauth_auth_codes_table', 1),
(2, '2016_06_01_000002_create_oauth_access_tokens_table', 1),
(3, '2016_06_01_000003_create_oauth_refresh_tokens_table', 1),
(4, '2016_06_01_000004_create_oauth_clients_table', 1),
(5, '2016_06_01_000005_create_oauth_personal_access_clients_table', 1);

-- --------------------------------------------------------

--
-- Table structure for table `nationalities`
--

CREATE TABLE `nationalities` (
  `nationality_id` int(11) NOT NULL,
  `status` tinyint(1) NOT NULL,
  `created_at` timestamp NOT NULL DEFAULT CURRENT_TIMESTAMP,
  `updated_at` timestamp NULL DEFAULT NULL
) ENGINE=InnoDB DEFAULT CHARSET=utf8mb4 COLLATE=utf8mb4_unicode_ci;

--
-- Dumping data for table `nationalities`
--

INSERT INTO `nationalities` (`nationality_id`, `status`, `created_at`, `updated_at`) VALUES
(1, 1, '2020-04-11 08:02:12', NULL),
(2, 1, '2020-05-03 12:28:26', NULL);

-- --------------------------------------------------------

--
-- Table structure for table `nationality_description`
--

CREATE TABLE `nationality_description` (
  `nationality_description_id` int(11) NOT NULL,
  `nationality_name` varchar(80) COLLATE utf8mb4_unicode_ci NOT NULL,
  `nationality_id` int(11) NOT NULL,
  `language_id` int(11) NOT NULL,
  `created_at` timestamp NOT NULL DEFAULT CURRENT_TIMESTAMP,
  `updated_at` timestamp NULL DEFAULT NULL
) ENGINE=InnoDB DEFAULT CHARSET=utf8mb4 COLLATE=utf8mb4_unicode_ci;

--
-- Dumping data for table `nationality_description`
--

INSERT INTO `nationality_description` (`nationality_description_id`, `nationality_name`, `nationality_id`, `language_id`, `created_at`, `updated_at`) VALUES
(1, 'Egyptian', 1, 1, '2020-04-11 08:02:12', NULL),
(2, 'مصرى', 1, 2, '2020-04-11 08:02:12', NULL),
(3, 'Saudi', 2, 1, '2020-05-03 12:28:26', NULL),
(4, 'سعودى', 2, 2, '2020-05-03 12:28:26', NULL);

-- --------------------------------------------------------

--
-- Table structure for table `notifications`
--

CREATE TABLE `notifications` (
  `notification_id` int(11) NOT NULL,
  `notification_image` varchar(255) NOT NULL,
  `user_id` int(11) NOT NULL,
  `type` int(11) NOT NULL,
  `type_id` int(11) NOT NULL,
  `is_seen` tinyint(1) NOT NULL DEFAULT '0',
  `created_at` timestamp NOT NULL DEFAULT CURRENT_TIMESTAMP,
  `updated_at` timestamp NULL DEFAULT NULL
) ENGINE=InnoDB DEFAULT CHARSET=utf8;

-- --------------------------------------------------------

--
-- Table structure for table `notification_description`
--

CREATE TABLE `notification_description` (
  `notification_description_id` int(11) NOT NULL,
  `notification_name` varchar(80) COLLATE utf8_unicode_ci NOT NULL,
  `notification_content` varchar(100) COLLATE utf8_unicode_ci NOT NULL,
  `notification_id` int(11) NOT NULL,
  `language_id` int(11) NOT NULL,
  `created_at` timestamp NOT NULL DEFAULT CURRENT_TIMESTAMP,
  `updated_at` timestamp NULL DEFAULT NULL
) ENGINE=InnoDB DEFAULT CHARSET=utf8 COLLATE=utf8_unicode_ci;

-- --------------------------------------------------------

--
-- Table structure for table `oauth_access_tokens`
--

CREATE TABLE `oauth_access_tokens` (
  `id` varchar(100) COLLATE utf8mb4_unicode_ci NOT NULL,
  `user_id` bigint(20) UNSIGNED DEFAULT NULL,
  `client_id` bigint(20) UNSIGNED NOT NULL,
  `name` varchar(255) COLLATE utf8mb4_unicode_ci DEFAULT NULL,
  `scopes` text COLLATE utf8mb4_unicode_ci,
  `revoked` tinyint(1) NOT NULL,
  `created_at` timestamp NULL DEFAULT NULL,
  `updated_at` timestamp NULL DEFAULT NULL,
  `expires_at` datetime DEFAULT NULL
) ENGINE=InnoDB DEFAULT CHARSET=utf8mb4 COLLATE=utf8mb4_unicode_ci;

--
-- Dumping data for table `oauth_access_tokens`
--

INSERT INTO `oauth_access_tokens` (`id`, `user_id`, `client_id`, `name`, `scopes`, `revoked`, `created_at`, `updated_at`, `expires_at`) VALUES
('00b6ed14f5d790819a67693ab644feb8e017abb88869ea0614e418a33e9080b03a1e7eb0295c8941', 111, 1, 'authToken', '[]', 0, '2020-05-23 20:06:22', '2020-05-23 20:06:22', '2021-05-23 14:06:22'),
('012ac63f6bc3d87d03ae2303a2fa4a8d03f7335a10f592361ecce2f4579dcb025072f9638bbf8a39', 40, 1, 'authToken', '[]', 0, '2020-05-15 19:39:53', '2020-05-15 19:39:53', '2021-05-15 13:39:53'),
('013be426e743ea97a4cc793c62eea676d58e12eda7870dec9f9393eaed861d7e5dbdfc23632e5ed7', 12, 1, 'authToken', '[]', 0, '2020-05-18 01:52:35', '2020-05-18 01:52:35', '2021-05-17 19:52:35'),
('015b80057cd6a0a77a7605608c0e6c3e440f7e56c6fadc31ee136b16686ea1e8405d6178765c1019', 41, 1, 'authToken', '[]', 0, '2020-05-17 17:44:06', '2020-05-17 17:44:06', '2021-05-17 11:44:06'),
('01a9d62bde16d537239995b7ab4e3f8d415f9e35650c76ef13506bcdf165f01fb0a8ba652bee2732', 12, 1, 'authToken', '[]', 0, '2020-04-26 14:59:07', '2020-04-26 14:59:07', '2021-04-26 08:59:07'),
('01b6a11c665277d77a439a2152cf2d382e1a86852156257def1d2686d9d9517ee5c2988285f455ba', 166, 1, 'authToken', '[]', 0, '2020-05-26 21:53:24', '2020-05-26 21:53:24', '2021-05-26 15:53:24'),
('01c4728397ff256763c2d3e509314bebde476edcf1159e7d83b4099725dbccd5785a927a15e02b02', 1, 1, 'authToken', '[]', 0, '2020-04-30 21:18:22', '2020-04-30 21:18:22', '2021-04-30 15:18:22'),
('01d4c68280fa986a96efed552322c17a10d06ce60e06575d724fc0b2bfc16790005358c13a9ed444', 42, 1, 'authToken', '[]', 0, '2020-05-10 13:53:31', '2020-05-10 13:53:31', '2021-05-10 07:53:31'),
('021da7f53b5975f2c3d711b86054bbf0d3f4b968bd81a10ac51ee74f66201d54a35e36572d985ec4', 1, 1, 'authToken', '[]', 0, '2020-04-22 20:20:49', '2020-04-22 20:20:49', '2021-04-22 14:20:49'),
('0221bd4e2e0eee9ea988e1dc802ccf8ad804fcd9e94c3aa0d7dcfff73e3c1e9e00d24d116ca5e48f', 12, 1, 'authToken', '[]', 0, '2020-05-13 16:59:37', '2020-05-13 16:59:37', '2021-05-13 10:59:37'),
('0233e263211d5b8faf9653ad3eba09983acecc11862d1d9476e4be5f3c6fbfe2fbac13338b00bc22', 123, 1, 'authToken', '[]', 0, '2020-05-23 15:09:33', '2020-05-23 15:09:33', '2021-05-23 09:09:33'),
('0243d2c26500a2e7f562368a57eb2090a5c287d853d9847fb382056a8ce5221253c90ec50f4120c0', 12, 1, 'authToken', '[]', 0, '2020-04-27 16:57:30', '2020-04-27 16:57:30', '2021-04-27 10:57:30'),
('02daa377541a29421df4ebdea21974537f247f8425327180c3d8655daa022ede632a160133affc9d', 48, 1, 'authToken', '[]', 0, '2020-05-13 03:52:16', '2020-05-13 03:52:16', '2021-05-12 21:52:16'),
('030757c4c180eaa4a97c1731da4bfe0c02f294910fc090a67f53b2e8fa42d09aac6ddc3db79529dd', 12, 1, 'authToken', '[]', 0, '2020-05-23 21:45:28', '2020-05-23 21:45:28', '2021-05-23 15:45:28'),
('031472b9f4281c0351c6e8f656e46ed889bd80284fc4c5707c77308cd5b8da20e5068a82c5136d61', 134, 1, 'authToken', '[]', 0, '2020-05-23 17:08:06', '2020-05-23 17:08:06', '2021-05-23 11:08:06'),
('03bf598e5cca092e33e77195f940fc6744407a3ab1a396663069a458f90fb94ea1bac7edd4dca13f', 1, 1, 'authToken', '[]', 0, '2020-04-22 20:18:50', '2020-04-22 20:18:50', '2021-04-22 14:18:50'),
('0424e2dfb6a094a3a0256585c98ec187620602a7dd3b8f4598a8db6b3dc0946f6d5c863c68e693a9', 143, 1, 'authToken', '[]', 0, '2020-05-24 07:56:42', '2020-05-24 07:56:42', '2021-05-24 01:56:42'),
('04402e357f2065a03d72a042cd961acdb997ca4ff997e8af226bc7e0b874e1600f5721ce9c70a3f0', 148, 1, 'authToken', '[]', 0, '2020-05-26 19:31:09', '2020-05-26 19:31:09', '2021-05-26 13:31:09'),
('0476ffecbd7209669dee68a24e3aeab3d2927603f4f14889d14d81004671533eeba787c76aff891b', 74, 1, 'authToken', '[]', 0, '2020-05-20 15:25:43', '2020-05-20 15:25:43', '2021-05-20 09:25:43'),
('04a22f5a8e016d0ad5585022998ebcb64c3d6c0c822e711d84749aeeeb21476af7ccd9ddcbeab63b', 12, 1, 'authToken', '[]', 0, '2020-04-27 16:19:43', '2020-04-27 16:19:43', '2021-04-27 10:19:43'),
('04d458efeffde5b1fc4acd033718eb89eb0ef9ea94b6273442955c87fc633de8df392a4879deb9bc', 153, 1, 'authToken', '[]', 0, '2020-05-26 17:19:53', '2020-05-26 17:19:53', '2021-05-26 11:19:53'),
('04d88853f89428fc76cfb2d78389251a04f6f0a528095decf784fe8152f3e393d75eefe22f461274', 40, 1, 'authToken', '[]', 0, '2020-05-15 20:20:54', '2020-05-15 20:20:54', '2021-05-15 14:20:54'),
('05620d1fb214d02b3c1803f51184eff98f1828a0826eac8a4aeaa0b537975f60d8b64b86b416a1f2', 122, 1, 'authToken', '[]', 0, '2020-05-23 13:42:40', '2020-05-23 13:42:40', '2021-05-23 07:42:40'),
('06a4de38c599093f0e58957442eebfa9d83e7d4cdbe6e767783f18c5f0ed44b6e70c490a22d40b69', 108, 1, 'authToken', '[]', 0, '2020-05-18 20:31:42', '2020-05-18 20:31:42', '2021-05-18 14:31:42'),
('078827fa15eb8ef4be5484d5d7197402c3d672de0074cf9d1bd4a86100707e3d75b9850be294089c', 142, 1, 'authToken', '[]', 0, '2020-05-24 07:54:14', '2020-05-24 07:54:14', '2021-05-24 01:54:14'),
('084570120dd4530d37a4941f06c1feb3030e4f4e7453a12c5f6980a41ce97645ed5f77b359412471', 61, 1, 'authToken', '[]', 0, '2020-05-16 18:25:39', '2020-05-16 18:25:39', '2021-05-16 12:25:39'),
('099b170fd1e9f2b07deef0e36a19b6438d8380027e9c6fdc8bf630b06e89bb4420c96e28effc1ab8', 1, 1, 'authToken', '[]', 0, '2020-04-22 20:22:07', '2020-04-22 20:22:07', '2021-04-22 14:22:07'),
('09af21facf3b196715c78e3f78aafb0e6f7f4f2e0dca80939c457606a1cc9c76d8e51180da2cde34', 22, 1, 'authToken', '[]', 0, '2020-05-04 01:52:47', '2020-05-04 01:52:47', '2021-05-03 19:52:47'),
('0ad2a1cd8c6cbd6ce690541348996246700c1aa68388ededf8728fd7207a120cb1348b36fe7e9a3b', 46, 1, 'authToken', '[]', 0, '2020-05-12 16:46:36', '2020-05-12 16:46:36', '2021-05-12 10:46:36'),
('0b51131081e836f51b4532cbb4795ffb3681828166a6f67639de987f5d0ed204597a64f534496284', 12, 1, 'authToken', '[]', 0, '2020-05-13 18:43:38', '2020-05-13 18:43:38', '2021-05-13 12:43:38'),
('0b8af042af9ea98b555a70fd69497a0713ffb695a1d553d4670f199b5c8eaeb566940c27afab3771', 12, 1, 'authToken', '[]', 0, '2020-04-28 14:27:40', '2020-04-28 14:27:40', '2021-04-28 08:27:40'),
('0c5f6691cdef46909864ba4afe7a04d2936480b3b1b73dc7e570783c33f762dc041cec17e480189c', 65, 1, 'authToken', '[]', 0, '2020-05-16 19:19:34', '2020-05-16 19:19:34', '2021-05-16 13:19:34'),
('0d17c508ee375a2c1266957dcc394a96055c8fcd174d519031e3526891ca9b7eda48de675ebf106f', 158, 1, 'authToken', '[]', 0, '2020-05-26 15:56:18', '2020-05-26 15:56:18', '2021-05-26 09:56:18'),
('0d43d1aee8fdf88e5cc495690a6ebd1a4ecf0064395a99ba64b4f49d9da85e7a383ba6f9d5656e40', 12, 1, 'authToken', '[]', 0, '2020-04-27 18:49:40', '2020-04-27 18:49:40', '2021-04-27 12:49:40'),
('0d527e1c176a86ba76d45176de53083569cfb2efdaee229742f35ad8d225acf14a6243d3c74ba393', 41, 1, 'authToken', '[]', 0, '2020-05-19 16:30:31', '2020-05-19 16:30:31', '2021-05-19 10:30:31'),
('0df7cb3e9c5509fd5722dc4f5dd0a7c931acf2de44e4cdad7d82bcb49c1dd4d3c1d3067e25b50eb4', 67, 1, 'authToken', '[]', 0, '2020-05-16 20:21:56', '2020-05-16 20:21:56', '2021-05-16 14:21:56'),
('0ed17e9a2c9a4365f7155107777f27d5f4e5efc54322bbfd10594933b3ad26aefab90eb29d5df875', 1, 1, 'authToken', '[]', 0, '2020-05-19 17:35:29', '2020-05-19 17:35:29', '2021-05-19 11:35:29'),
('10a65d5c2762451ab9cb90aebee2646a0e39cbd2063e45ae422ef672f8de4e892d07716d8779649d', 16, 1, 'authToken', '[]', 0, '2020-05-04 01:26:26', '2020-05-04 01:26:26', '2021-05-03 19:26:26'),
('10d4dc80c92e2e5e79ed6c194aeb271106d696d9724a6f9e906a2d9d91fe7495ba146efa10da0297', 41, 1, 'authToken', '[]', 0, '2020-05-19 16:34:01', '2020-05-19 16:34:01', '2021-05-19 10:34:01'),
('1194be28dd2bd16c89ef5ca328c26a3f47066ee3964d50eb6bb03e219a4c8d9e887d4304ecf02f78', 119, 1, 'authToken', '[]', 0, '2020-05-20 02:44:04', '2020-05-20 02:44:04', '2021-05-19 20:44:04'),
('11f71c0cc2f9afae7f8baa4d3f5949bb6a36c73fd01e156e49880ccb34fac91118a509fb335db175', 154, 1, 'authToken', '[]', 0, '2020-05-26 15:04:09', '2020-05-26 15:04:09', '2021-05-26 09:04:09'),
('121804af1494e1af24745b1ae9b3c105277d0de233b6c7c3fe6920478a7f1bf1670ac6106bdc2dfc', 41, 1, 'authToken', '[]', 0, '2020-05-19 19:06:35', '2020-05-19 19:06:35', '2021-05-19 13:06:35'),
('13069feb36cddb28eac21befdef1c775e13984cc2714cdfa2e2f0b1e3934981f2dec8bca068ca4f4', 1, 1, 'authToken', '[]', 0, '2020-04-22 20:21:29', '2020-04-22 20:21:29', '2021-04-22 14:21:29'),
('1357da302aaaa147ea4c62c4b1195d642efda112850e254a21599cc53028389fb33daae6847de5c2', 127, 1, 'authToken', '[]', 0, '2020-05-23 14:33:15', '2020-05-23 14:33:15', '2021-05-23 08:33:15'),
('1374a065edc36457a9c900b3810200d0fe2114a3351fdf6bd984475f7c8b372a7890f82682ab0818', 12, 1, 'authToken', '[]', 0, '2020-05-18 17:55:07', '2020-05-18 17:55:07', '2021-05-18 11:55:07'),
('13ff9f83f8d1f4c810bdaea32b8b56c6c85e3946cc41df90fbe5f9cb5ee2edad789c3c349a18843e', 13, 1, 'authToken', '[]', 0, '2020-05-03 14:45:46', '2020-05-03 14:45:46', '2021-05-03 08:45:46'),
('1414ea78d30c8e4e2b8e42bcd7aee54e388ac85dd7242350b84c8057a2708db941778d9a123b9f28', 71, 1, 'authToken', '[]', 0, '2020-05-16 21:55:21', '2020-05-16 21:55:21', '2021-05-16 15:55:21'),
('1468743d8be62f0c280007305812281fc3c1b8b9397a4bd4e9bb14e446bc5f120e1e60986f5dcfbb', 117, 1, 'authToken', '[]', 0, '2020-05-20 02:28:40', '2020-05-20 02:28:40', '2021-05-19 20:28:40'),
('149044523437f49b45539783f8dae1a24199e2be4ccc38139bd53b01893f8df16eddb5f3eea20cbf', 128, 1, 'authToken', '[]', 0, '2020-05-23 16:28:11', '2020-05-23 16:28:11', '2021-05-23 10:28:11'),
('14bd2e8996d4ef63313ca17a2c0b1885bf00c94df84f965d4e053dfe3fba41363b6678de08680a59', 54, 1, 'authToken', '[]', 0, '2020-05-13 21:01:02', '2020-05-13 21:01:02', '2021-05-13 15:01:02'),
('156702939fe4c530b92d01f0f25f8df72011d2ada9e81ab2fe4208cd143cc6008eb7d614d8b78526', 12, 1, 'authToken', '[]', 0, '2020-05-16 15:43:41', '2020-05-16 15:43:41', '2021-05-16 09:43:41'),
('15ab94d34884f21cb6f7119ed940fb790725220eb1381b03794bb66b627442ca349e74c1a6c9117a', 112, 1, 'authToken', '[]', 0, '2020-05-23 20:32:19', '2020-05-23 20:32:19', '2021-05-23 14:32:19'),
('15ac8b3c8c447b69749b851247e87c9a223eb8bc126df7664e2fe91f6f6b8bd611537edb0b6a7be2', 141, 1, 'authToken', '[]', 0, '2020-05-23 19:19:50', '2020-05-23 19:19:50', '2021-05-23 13:19:50'),
('15bc295694048424f9028e9b15d83e9c7266994343993ac16860febbca61c9658e6cb256ef6e1b98', 84, 1, 'authToken', '[]', 0, '2020-05-18 01:30:04', '2020-05-18 01:30:04', '2021-05-17 19:30:04'),
('15ead57ab3856b5bd5f6a95935ea8fdf91611300b770d50b12a7217069c49a9f24bbde188e20673f', 44, 1, 'authToken', '[]', 0, '2020-05-11 15:54:03', '2020-05-11 15:54:03', '2021-05-11 09:54:03'),
('165f03276800f4a5c89959f8c84fea3c2cef15f45ebb127d86715ca089546d48b7a47ff8d78e8905', 1, 1, 'authToken', '[]', 0, '2020-05-19 17:39:14', '2020-05-19 17:39:14', '2021-05-19 11:39:14'),
('1689086d1692e487745d2db7afd991dd0ebc0d492e99d6b211b73e5cb64d559aac1a510b430aa50b', 1, 1, 'authToken', '[]', 0, '2020-04-18 10:59:40', '2020-04-18 10:59:40', '2021-04-18 12:59:40'),
('168b40937c7942d7af856499e1e48d47da53ce5573aee85ad72adde2dfb2de94db2d8ca9b4e3427a', 120, 1, 'authToken', '[]', 0, '2020-05-20 15:00:03', '2020-05-20 15:00:03', '2021-05-20 09:00:03'),
('16d46858738df93338f828d7f7d787bf334985a327a823167e983018c43f3a224c836cb523729a1b', 47, 1, 'authToken', '[]', 0, '2020-05-12 18:11:17', '2020-05-12 18:11:17', '2021-05-12 12:11:17'),
('1740d7a4413159a39ecd6357ee4e7be28d34718e32aa4490ab63c48fc55b6ce1e8a702d4d4bfe858', 40, 1, 'authToken', '[]', 0, '2020-05-16 16:47:25', '2020-05-16 16:47:25', '2021-05-16 10:47:25'),
('1852de7ed600b5f8cbb428d090151968a61f0483a09b0aa7e818d24e6a3ae210ee08d33e9079ddbe', 40, 1, 'authToken', '[]', 0, '2020-05-13 13:51:12', '2020-05-13 13:51:12', '2021-05-13 07:51:12'),
('199c637d36f0e5a3f18c713a609c648673568adb708edec0e641cd91a7acc8792c78f6c74e493f59', 12, 1, 'authToken', '[]', 0, '2020-05-23 21:02:21', '2020-05-23 21:02:21', '2021-05-23 15:02:21'),
('1a1e210ea6d9ccb8028d3c57ee2f8c1d3b1ab72ecb22e5f907cd385b83fbf572c0cb709db3a86d9f', 27, 1, 'authToken', '[]', 0, '2020-05-05 18:36:48', '2020-05-05 18:36:48', '2021-05-05 12:36:48'),
('1a5af31cc4ee999ecca93dd1136a4f8f7b983eeb96ad4e7978a2dc6230e35f69908c0ac2a8805e35', 40, 1, 'authToken', '[]', 0, '2020-05-10 13:30:26', '2020-05-10 13:30:26', '2021-05-10 07:30:26'),
('1a8c140db8c6154c217e778aafa1c3a10eb997c1da29b0ef84c516c09f4b1f7f0574435e2426940f', 12, 1, 'authToken', '[]', 0, '2020-04-28 20:27:10', '2020-04-28 20:27:10', '2021-04-28 14:27:10'),
('1aa3569a6e8250e79221bb33d18236fcd0f54af7ea731c7e05d51f8df82200d550915876a7e700ce', 129, 1, 'authToken', '[]', 0, '2020-05-26 15:24:59', '2020-05-26 15:24:59', '2021-05-26 09:24:59'),
('1b13d3c4d7f267c790ddb26f0fa863205a9f69c500714f00be3b0cb8622ec955f74685a53b372121', 11, 1, 'authToken', '[]', 0, '2020-04-22 16:34:50', '2020-04-22 16:34:50', '2021-04-22 10:34:50'),
('1b15cfc5fdc60ac90edc1306712e6059b909a43f27c446fa7c9c3df98b24929ec1ec5055e1accc18', 1, 1, 'authToken', '[]', 0, '2020-04-22 20:21:29', '2020-04-22 20:21:29', '2021-04-22 14:21:29'),
('1b2826294cefff50563f99b5c68eb2535c00de27d7135a0b88a05959e40c87dbba19f28d075fd03d', 133, 1, 'authToken', '[]', 0, '2020-05-23 17:03:23', '2020-05-23 17:03:23', '2021-05-23 11:03:23'),
('1b313c089a1e546fedbb5f4848bcd1f7c0b3d7e7919aa635970b78a0b84c4b4243d044c9f680dc31', 129, 1, 'authToken', '[]', 0, '2020-05-26 17:08:46', '2020-05-26 17:08:46', '2021-05-26 11:08:46'),
('1b36b5da2c27eddca42f7708e79483f23b5e6c84fcdb0c700ded8d0d9f6fa14e307235c6623615be', 12, 1, 'authToken', '[]', 0, '2020-05-17 20:34:58', '2020-05-17 20:34:58', '2021-05-17 14:34:58'),
('1c17a8788b7ddf3d8e993ff45d8f3a208d0619114d8c22519159bfd7dfd5c6347f429b1a4c4d63cb', 81, 1, 'authToken', '[]', 0, '2020-05-17 01:19:58', '2020-05-17 01:19:58', '2021-05-16 19:19:58'),
('1cc3a5f4eeacf1be20678c1b762f553479ce6fbe37d2c90a5b422a45fc85d617e3a5debd1d855249', 12, 1, 'authToken', '[]', 0, '2020-05-23 16:11:15', '2020-05-23 16:11:15', '2021-05-23 10:11:15'),
('1ce7cc97b14b16dfa7f78c7514346ca292187af66f1032fe5e5068cd54c1223ca7b672e180671318', 35, 1, 'authToken', '[]', 0, '2020-05-09 13:48:20', '2020-05-09 13:48:20', '2021-05-09 07:48:20'),
('1d34d00e3d1502c8738a931975e0b2556b6cba15ae4a05e9f3f5cdc3b7e4c58241b57a4e699d9c94', 79, 1, 'authToken', '[]', 0, '2020-05-17 01:14:42', '2020-05-17 01:14:42', '2021-05-16 19:14:42'),
('1d884d57d06b8b3ac5c66d346b4f2177aa691661516aec2f5a431bea4e9243378686af3d9b31a6b7', 76, 1, 'authToken', '[]', 0, '2020-05-16 23:58:06', '2020-05-16 23:58:06', '2021-05-16 17:58:06'),
('1d900b8b0baf1ed5ffe78c563ffd637b8edc2c4c062a2d2a1e40ca52f321ef72de9f6126b890c48d', 88, 1, 'authToken', '[]', 0, '2020-05-18 03:56:39', '2020-05-18 03:56:39', '2021-05-17 21:56:39'),
('1de5cc677442cf330cd46085efc6017da7bc26a05c030f368675bef89d999c5a76fb56f7d7c50c67', 12, 1, 'authToken', '[]', 0, '2020-04-28 03:41:29', '2020-04-28 03:41:29', '2021-04-27 21:41:29'),
('1edef1efdf08f9aad88438137de4550200d8a94ce25376f74290e03fd9e03e736d32282371818ca8', 73, 1, 'authToken', '[]', 0, '2020-05-16 22:04:54', '2020-05-16 22:04:54', '2021-05-16 16:04:54'),
('1f05f12df515f08964fd690cbb0f7bb75cb31691cf7323bba9370f5690fe92a65c1bea87441757c4', 156, 1, 'authToken', '[]', 0, '2020-05-26 15:08:48', '2020-05-26 15:08:48', '2021-05-26 09:08:48'),
('1f23283c88f466f51b66df36b03865219ff2069de4e565f210ead6114f261194aacb4987b8f9f12a', 107, 1, 'authToken', '[]', 0, '2020-05-18 20:20:30', '2020-05-18 20:20:30', '2021-05-18 14:20:30'),
('1fbf80a638f0ea7b4bdb8edc285e5bdd64563cc51f1e8161004930b4d2c183320d07b2ed54bbe0ed', 12, 1, 'authToken', '[]', 0, '2020-05-18 01:57:54', '2020-05-18 01:57:54', '2021-05-17 19:57:54'),
('1fc83f18a8ac320bca618ed43ee6216e087f317401be3bb28eef9af6407441e30879868b1e9aeaab', 56, 1, 'authToken', '[]', 0, '2020-05-15 21:18:39', '2020-05-15 21:18:39', '2021-05-15 15:18:39'),
('204762ee80e812c74460eb4e09a165ceb2f6d045b7150901e42d134db5cf986a7e581774e6760d42', 126, 1, 'authToken', '[]', 0, '2020-05-23 14:26:46', '2020-05-23 14:26:46', '2021-05-23 08:26:46'),
('20a34a4b773c841f759ec65e41fbad91a85e45f07e6414d725aff320ec6543140268e8592345db45', 41, 1, 'authToken', '[]', 0, '2020-05-19 19:27:24', '2020-05-19 19:27:24', '2021-05-19 13:27:24'),
('20ae3428c0aaaed01414e391a0f4351ad6754e2dfa2bfec3d8f521c13e2de1097310f601593c0a55', 43, 1, 'authToken', '[]', 0, '2020-05-11 15:17:22', '2020-05-11 15:17:22', '2021-05-11 09:17:22'),
('20cb8e9ca2bc2077345eb589d2c66019c7b856fa6d0768a4a083c4840695b21b63f40174ec6b188c', 40, 1, 'authToken', '[]', 0, '2020-05-19 18:11:27', '2020-05-19 18:11:27', '2021-05-19 12:11:27'),
('220ea7e1fb1ed83f5c7d8c35b1068d509701085c266ca1a2cfcf3bacab65011a0dbc6bac7a9c743d', 18, 1, 'authToken', '[]', 0, '2020-05-04 01:32:54', '2020-05-04 01:32:54', '2021-05-03 19:32:54'),
('223cc3aad0e1a88d2f373ada96e4dae68894e59cb7890f45635e041ff3f134af42eb926e8b906fd7', 1, 1, 'authToken', '[]', 0, '2020-04-30 17:03:32', '2020-04-30 17:03:32', '2021-04-30 11:03:32'),
('22af9a8a77c8e1478dcee9e597afd79a6851e6c35395b08640373795963f22f344063a5e07ae79ab', 1, 1, 'authToken', '[]', 0, '2020-04-27 21:49:55', '2020-04-27 21:49:55', '2021-04-27 15:49:55'),
('230fca1a53c4ebacf6a5d89baf747141951fbdfd613457eb3d4c55df7e11e73cc6bf96e81cae95be', 50, 1, 'authToken', '[]', 0, '2020-05-13 18:04:52', '2020-05-13 18:04:52', '2021-05-13 12:04:52'),
('237ee3fc860da14106959e89b59a92887fbb4bfa730865a7fa7360d13dc7c0bf29eb2fb48e85d999', 1, 1, 'authToken', '[]', 0, '2020-04-22 19:16:12', '2020-04-22 19:16:12', '2021-04-22 13:16:12'),
('239398ca7d03f1ea8d9fd72a6694f2f9ea50c9d47fc78aae11145720d45beb6140bebf1c74399a39', 90, 1, 'authToken', '[]', 0, '2020-05-18 13:28:37', '2020-05-18 13:28:37', '2021-05-18 07:28:37'),
('23af61d5a0b01c38b1709ee338e5e47a00ba4972ad7b68c32e635848c43d920cf7299d6346275e67', 152, 1, 'authToken', '[]', 0, '2020-05-26 14:47:14', '2020-05-26 14:47:14', '2021-05-26 08:47:14'),
('23bac01e6d94e7e68afa7434b2c3885b1dda65d5756745087921c0dbf00cbd1156e2f2af3eee28e2', 1, 1, 'authToken', '[]', 0, '2020-04-28 14:40:14', '2020-04-28 14:40:14', '2021-04-28 08:40:14'),
('245e52666e897fd716d2b94fb8c22c1b80a98f756a301a6cebc7f5cabc6b1a179c5ce8a51ec79ddd', 117, 1, 'authToken', '[]', 0, '2020-05-20 02:28:07', '2020-05-20 02:28:07', '2021-05-19 20:28:07'),
('25143317eead7ea20967565bcc4eb93007d4c3f722b4f5ac8ebffb867a0034d93a83015a187f5f9e', 113, 1, 'authToken', '[]', 0, '2020-05-19 20:11:30', '2020-05-19 20:11:30', '2021-05-19 14:11:30'),
('26650b51ee468a1bf9f1960bd0b39ffbc9642a6120c57550b29c134eedbf5ae4c52ffb438c677f9b', 108, 1, 'authToken', '[]', 0, '2020-05-18 20:29:26', '2020-05-18 20:29:26', '2021-05-18 14:29:26'),
('2743691d75a06379803278a650af59ac0a9d30148c71700f567f31f4739582b51aa336770561cd36', 98, 1, 'authToken', '[]', 0, '2020-05-18 15:03:06', '2020-05-18 15:03:06', '2021-05-18 09:03:06'),
('2798f077f1c0d69508b066ea5635718fa369dfb41e509610d718806cd64bd1acc91b2afeb1b8a778', 12, 1, 'authToken', '[]', 0, '2020-05-03 14:02:45', '2020-05-03 14:02:45', '2021-05-03 08:02:45'),
('27c5022c5604bdcd5ad253fe0faabccf566aaf8bdaff90054e1fa6d603fd5ea0b31fcfa9a8daf9ef', 14, 1, 'authToken', '[]', 0, '2020-05-03 16:07:17', '2020-05-03 16:07:17', '2021-05-03 10:07:17'),
('27e0342679f8388359be67d4159df05c50702e1d11dbe7ee77675e206c203fdda2034cd7be77bf29', 80, 1, 'authToken', '[]', 0, '2020-05-17 01:17:56', '2020-05-17 01:17:56', '2021-05-16 19:17:56'),
('28243241cf2c8145fd8e364150b0043d80fa8700c252341160fa11777be1d2c6b6abb4c2070088c6', 1, 1, 'authToken', '[]', 0, '2020-04-22 20:20:47', '2020-04-22 20:20:47', '2021-04-22 14:20:47'),
('28ea07b7f9635ae212162b15a3cf7958f3e41c46b23ac7e2f2d40c5671049905b4d92e855d321b4e', 1, 1, 'authToken', '[]', 0, '2020-05-13 16:28:04', '2020-05-13 16:28:04', '2021-05-13 10:28:04'),
('28edf8696ae1e9055ca6ace3365cd41d2024776ce0db5b5bdd784e125a0a30657e7c2792649144ab', 84, 1, 'authToken', '[]', 0, '2020-05-20 02:41:07', '2020-05-20 02:41:07', '2021-05-19 20:41:07'),
('28f9ca33b683dd458801cac5dbef74cd8cb0e0764c5fd029fbef0ca05f625c3ef608b3add77abee9', 1, 1, 'authToken', '[]', 0, '2020-04-22 20:22:07', '2020-04-22 20:22:07', '2021-04-22 14:22:07'),
('29db38fb4df7223a1218d56b51b4430b9fb94f63910b1c81583dbfdd833011490bc8caddd5ff7717', 157, 1, 'authToken', '[]', 0, '2020-05-26 15:13:49', '2020-05-26 15:13:49', '2021-05-26 09:13:49'),
('2a1b9afefef3b3eb5b8e37a19441f358b3333b973ed38a1d3139d581f71caff89da82cc1132b26e6', 1, 1, 'authToken', '[]', 0, '2020-04-27 16:28:14', '2020-04-27 16:28:14', '2021-04-27 10:28:14'),
('2a22416eaafaec599b5b9418d893469cf302d9a7e13e26e358c5103cc6457cb3c14de0b07c29b979', 12, 1, 'authToken', '[]', 0, '2020-05-13 15:04:24', '2020-05-13 15:04:24', '2021-05-13 09:04:24'),
('2a86328a8be3a2e6c65a2e992e412dcb6f5700bd0fbe185ce2c987af538c070abe33e6cc96942164', 118, 1, 'authToken', '[]', 0, '2020-05-20 02:40:39', '2020-05-20 02:40:39', '2021-05-19 20:40:39'),
('2a98bad2b35a39d10cdb0cc435ecbe358584423b8c3b85cd0f080e4e4dc3beead8dbfe1f34f97db6', 12, 1, 'authToken', '[]', 0, '2020-04-27 16:10:55', '2020-04-27 16:10:55', '2021-04-27 10:10:55'),
('2ad30d93e8594096c57cacd6dac58384d8754ddca2b43991d8937c914fa9ddc44a8788c564f218c1', 59, 1, 'authToken', '[]', 0, '2020-05-16 18:18:46', '2020-05-16 18:18:46', '2021-05-16 12:18:46'),
('2b1faff96a603c6783728ba9b57a63abd4ba6a69ba7a47b2e71df3f58321b8afc8dff7707b6507e2', 156, 1, 'authToken', '[]', 0, '2020-05-26 17:22:42', '2020-05-26 17:22:42', '2021-05-26 11:22:42'),
('2b8a446cbfb23643cf63ab8a2647f4b0f6efcb5987f2a74cb2e9ef92d41ef8f235afe45418aaa656', 153, 1, 'authToken', '[]', 0, '2020-05-26 21:46:29', '2020-05-26 21:46:29', '2021-05-26 15:46:29'),
('2d4e6a33e96d51f2e3fb16981e1baa4c177fdc9615573a5577cdf0137c5dd705210ceb2158190374', 15, 1, 'authToken', '[]', 0, '2020-05-03 16:09:15', '2020-05-03 16:09:15', '2021-05-03 10:09:15'),
('2d98413401d268267c5e59a7d9fa5eb0e0a0718c52e0de42f116634d9b0d88fb844fc41ad10e3091', 112, 1, 'authToken', '[]', 0, '2020-05-23 20:22:13', '2020-05-23 20:22:13', '2021-05-23 14:22:13'),
('2ddc7fb61fa6be335ed8b61d3379353c7ee6bc26225775aec2cef8cec6e014df85aebf8aff6ac282', 12, 1, 'authToken', '[]', 0, '2020-05-03 11:06:56', '2020-05-03 11:06:56', '2021-05-03 05:06:56'),
('2ebfa3a5cab8acba859d036c071ee50221e51e905472656247ee10ef3ec0dd41a4f705176b8d08b0', 165, 1, 'authToken', '[]', 0, '2020-05-26 21:50:57', '2020-05-26 21:50:57', '2021-05-26 15:50:57'),
('3016b18eddca4cfdd45ab6afc193abedf705882c28e2da429fc05d5fa0dee32598984edc6845cee0', 30, 1, 'authToken', '[]', 0, '2020-05-05 18:57:41', '2020-05-05 18:57:41', '2021-05-05 12:57:41'),
('30cede084292e012abfe978c4a405da7984f57c5b77afae538f4b0f931c8d9f81a45b2c692c12001', 123, 1, 'authToken', '[]', 0, '2020-05-23 14:03:41', '2020-05-23 14:03:41', '2021-05-23 08:03:41'),
('311fb88c6ced3bc2cada8d0d16bedeb97213b9222caa3698677ef59366084ff29a53917564237930', 1, 1, 'authToken', '[]', 0, '2020-05-13 14:54:48', '2020-05-13 14:54:48', '2021-05-13 08:54:48'),
('31c0fd9d82ea54431227d125b1c96437faec46b9de979670f8819b65dab09e24a97dd60d8f106f40', 1, 1, 'authToken', '[]', 0, '2020-04-22 20:02:47', '2020-04-22 20:02:47', '2021-04-22 14:02:47'),
('33148ffff95f88698aeddcc50dffd793d8cb6f092188a008e6ddb48be27bad871407f15c927b26c6', 12, 1, 'authToken', '[]', 0, '2020-04-30 16:40:49', '2020-04-30 16:40:49', '2021-04-30 10:40:49'),
('332816b751f21380fff6e8d774126f7829375c32952eae9562df8e1eb5cf72223261426017e745d9', 12, 1, 'authToken', '[]', 0, '2020-04-28 08:25:56', '2020-04-28 08:25:56', '2021-04-28 02:25:56'),
('33baf82e1b8a516de7b5660a069486b5adf6f1bc4d5b81543b31824d680be6c64e8e406f4a0e7a9b', 12, 1, 'authToken', '[]', 0, '2020-05-23 22:01:57', '2020-05-23 22:01:57', '2021-05-23 16:01:57'),
('33c686411628f13faecbd405ddff3bda79f86b2aff7d4974f45a367c39032084d4b295af4ae4a631', 33, 1, 'authToken', '[]', 0, '2020-05-05 19:37:50', '2020-05-05 19:37:50', '2021-05-05 13:37:50'),
('342d80f48a786e3e62c5c617398443e6691166cdda59b36da66fafec5fdad685c4268a7d81946522', 1, 1, 'authToken', '[]', 0, '2020-04-28 14:07:26', '2020-04-28 14:07:26', '2021-04-28 08:07:26'),
('354ae5f87a994c75e61e08102b4f15ebcc646a94ef30a03bed76db40c5c1216567c5a62e917c4eb2', 41, 1, 'authToken', '[]', 0, '2020-05-20 05:54:51', '2020-05-20 05:54:51', '2021-05-19 23:54:51'),
('35faa8327f16a26166a3b3151b289bf4c837c8f19cd7bf6cbcd0369e064270f06be7e8a6118f698a', 1, 1, 'authToken', '[]', 0, '2020-04-23 04:09:41', '2020-04-23 04:09:41', '2021-04-22 22:09:41'),
('36ca2fa587fd3fc0beccd808d4e2c541b59fa9a6540561bead3701c098fc661ac0b2c907349fe032', 97, 1, 'authToken', '[]', 0, '2020-05-18 14:29:04', '2020-05-18 14:29:04', '2021-05-18 08:29:04'),
('36dc420ec1317b40d56ff8d7aea94895d649aa6e1b3fbb1097f68aeab8ab57ace2fb2edd836fc438', 41, 1, 'authToken', '[]', 0, '2020-05-16 03:14:30', '2020-05-16 03:14:30', '2021-05-15 21:14:30'),
('373e904ba029728476fb2c24c824344d292e30a872ce5165f22a714eba07fcc698476a5dc9bd8bd3', 56, 1, 'authToken', '[]', 0, '2020-05-15 21:19:41', '2020-05-15 21:19:41', '2021-05-15 15:19:41'),
('375bb0bb7d38263905249ff9a29dd77db371a4c340bcecc05e045c3056cb8882a2b065664a1475ff', 8, 1, 'authToken', '[]', 0, '2020-05-03 15:49:04', '2020-05-03 15:49:04', '2021-05-03 09:49:04'),
('37a62dfcd666a447b8e423f42f28deac38621433d9fb0b785dc0589b634746e20c0b22a46fae51d2', 1, 1, 'authToken', '[]', 0, '2020-04-26 19:03:10', '2020-04-26 19:03:10', '2021-04-26 13:03:10'),
('37bc4892bf09b178bf46b17a5f02a45e20701ff61a0c5cbf9ceab4b852aa391d71a4eb8eeb73c9eb', 84, 1, 'authToken', '[]', 0, '2020-05-20 02:44:34', '2020-05-20 02:44:34', '2021-05-19 20:44:34'),
('37feb5f772365eef674d27dbc0ec6b7ea675240f2cd9eb389693aaaf3d632630e6e7d14da451136d', 1, 1, 'authToken', '[]', 0, '2020-04-22 20:24:09', '2020-04-22 20:24:09', '2021-04-22 14:24:09'),
('388c72782745ebe51d21820ceb945e9cab6398c164389188345ab3054db392e2f2bad73295b4931c', 12, 1, 'authToken', '[]', 0, '2020-04-28 03:31:48', '2020-04-28 03:31:48', '2021-04-27 21:31:48'),
('38eef550d11c0b1c93fcccd25ac1674cb17edea3df980d62109b27df9686a47c936480cb20d2c1e7', 113, 1, 'authToken', '[]', 0, '2020-05-19 20:11:21', '2020-05-19 20:11:21', '2021-05-19 14:11:21'),
('39181bd020a9f9e7303c409a34e6e7432c81362384dffc79aac099089d43304039ec49aea5f96201', 148, 1, 'authToken', '[]', 0, '2020-05-26 19:55:12', '2020-05-26 19:55:12', '2021-05-26 13:55:12'),
('392fc91a849a646641b29ea866ef0723ed1395f79a62420bc9a050595ed09d3b221733296914a2c6', 12, 1, 'authToken', '[]', 0, '2020-04-28 03:38:07', '2020-04-28 03:38:07', '2021-04-27 21:38:07'),
('3a2423ccf270093be30ff2d5d9aa22a13ea95538a7d387d5a2fae560e4fd33672bd63244cdf227d5', 1, 1, 'authToken', '[]', 0, '2020-04-22 20:20:47', '2020-04-22 20:20:47', '2021-04-22 14:20:47'),
('3bbd1722b8f7fb0869f90ed0a34a4ad365a210f32d5ca10d032e1cbf0d791ceac0425e0739addbdc', 69, 1, 'authToken', '[]', 0, '2020-05-16 20:55:22', '2020-05-16 20:55:22', '2021-05-16 14:55:22'),
('3befd9a63477866e45b94124d9034a67eacf0ba53c6c91e90347682e2421f5853912a30380cb0e9b', 75, 1, 'authToken', '[]', 0, '2020-05-16 23:50:13', '2020-05-16 23:50:13', '2021-05-16 17:50:13'),
('3c116d598041580989220764a32ab9b7c0011474a6113e2823ab3ae960cc1c27d53a966da4a40cfb', 58, 1, 'authToken', '[]', 0, '2020-05-16 15:41:54', '2020-05-16 15:41:54', '2021-05-16 09:41:54'),
('3c1c75244d6f833ed96f8c70bf388b899cc2d50a6c3cf3278b8e649ce7473d1ef3d5a51e4b89844b', 101, 1, 'authToken', '[]', 0, '2020-05-18 17:46:40', '2020-05-18 17:46:40', '2021-05-18 11:46:40'),
('3cc1f5d4d565c53e06cab6fce70b4ffa7d76d6e26f66153c7f1050363dad3cdd438f623f83a01869', 68, 1, 'authToken', '[]', 0, '2020-05-16 20:45:57', '2020-05-16 20:45:57', '2021-05-16 14:45:57'),
('3d33108873450e1bcb7b80dfc4d2a55f4ac3d2e2a88c7582619076876144731ea52b6e9ab7e0de68', 12, 1, 'authToken', '[]', 0, '2020-05-13 18:33:07', '2020-05-13 18:33:07', '2021-05-13 12:33:07'),
('3de1bb233f773ce376349c3e2784f7c47a8cf94a48f761f8179f3abd5f41fe47483ed48bcaec6483', 1, 1, 'authToken', '[]', 0, '2020-04-26 17:32:11', '2020-04-26 17:32:11', '2021-04-26 11:32:11'),
('3eff0dc4a98fc5dad5903f90ea8d578b264cad80384b3dd860996fd32bfb04de0e6fbd573c9aa891', 132, 1, 'authToken', '[]', 0, '2020-05-23 16:49:10', '2020-05-23 16:49:10', '2021-05-23 10:49:10'),
('3f944792c4b4064d78680033757fb15359be4369de98504f398524a261fe899836bb2de21011bd57', 125, 1, 'authToken', '[]', 0, '2020-05-23 14:23:48', '2020-05-23 14:23:48', '2021-05-23 08:23:48'),
('404cd4bdf794f97157d9a549a6206f75fa8924227e00e92306fc212267549ac794dfac13902c6358', 160, 1, 'authToken', '[]', 0, '2020-05-26 19:37:34', '2020-05-26 19:37:34', '2021-05-26 13:37:34'),
('408ff873afac2ba0f3b2db7db9df39bff6a5b5be4de901f775d985a510e81b838ec57c055fb71d35', 19, 1, 'authToken', '[]', 0, '2020-05-04 01:35:03', '2020-05-04 01:35:03', '2021-05-03 19:35:03'),
('412246168f2bdec4b66d1cebd75ef5f669a2a206badfd3cfc2d6544f65ac21fa1ef99dc2bbd010f3', 115, 1, 'authToken', '[]', 0, '2020-05-19 18:29:25', '2020-05-19 18:29:25', '2021-05-19 12:29:25'),
('4132c167dfcafa00f6263a937ff8db4f17075befcbea3ea93854850ca3e2f58de490341b23612b59', 40, 1, 'authToken', '[]', 0, '2020-05-15 04:45:49', '2020-05-15 04:45:49', '2021-05-14 22:45:49'),
('41344ea44b5030b15219821e5534e8037d9ecf1bda5ae053f7555ced6b952d2dc1c99ca5a5d4585e', 62, 1, 'authToken', '[]', 0, '2020-05-16 18:35:13', '2020-05-16 18:35:13', '2021-05-16 12:35:13'),
('41d983913418e91ed6434b0da879c7bcaa60f7d790244371203083b1e0f2a46b0d9e7f3399460830', 57, 1, 'authToken', '[]', 0, '2020-05-16 15:45:48', '2020-05-16 15:45:48', '2021-05-16 09:45:48'),
('4276beb0b7bdb56b306d210e27a5c93c6d6a77e0ebf96abcc8f07478d96981df3296491ba100c289', 12, 1, 'authToken', '[]', 0, '2020-05-03 14:01:40', '2020-05-03 14:01:40', '2021-05-03 08:01:40'),
('4294f558557cd19d1654c4627ad9f9ec126a630079fa76a213213db6d062325fb79f2ab541f348c6', 133, 1, 'authToken', '[]', 0, '2020-05-23 17:01:54', '2020-05-23 17:01:54', '2021-05-23 11:01:54'),
('44321cb1ca576ac5bfc8d15678da3ba1266a819d03f2e088793d39fe48dcb52a87a95a39149b11a3', 147, 1, 'authToken', '[]', 0, '2020-05-25 05:01:41', '2020-05-25 05:01:41', '2021-05-24 23:01:41'),
('444be1f1dfef4b0a06a4bbf84bb7c13a4682c4f0342b66649bc700879194051c54f3e57f38a5bda9', 34, 1, 'authToken', '[]', 0, '2020-05-06 14:32:57', '2020-05-06 14:32:57', '2021-05-06 08:32:57'),
('44526c32c7f0f0bd37ab6a6f999f6a7223ea83d2505a228057bbb721083ca38d8378d98626898db8', 40, 1, 'authToken', '[]', 0, '2020-05-15 19:55:17', '2020-05-15 19:55:17', '2021-05-15 13:55:17'),
('44a959d9e7aaa39fdd932cce13dad6a1c762f13ed458f8bf854bcafc5c947be44adcecdb38df9e52', 12, 1, 'authToken', '[]', 0, '2020-04-27 16:09:42', '2020-04-27 16:09:42', '2021-04-27 10:09:42'),
('44acd27193d934048231a5e76a88f8c3c4805732bb64e192df9c25dd7aec56e73a001d7159f69764', 1, 1, 'authToken', '[]', 0, '2020-04-26 17:22:28', '2020-04-26 17:22:28', '2021-04-26 11:22:28'),
('4610a19e366111ddd4a54903cd3419e0a3bd7a169e2fc4eec94b0423b303e840bdfee2dc37b24423', 169, 1, 'authToken', '[]', 0, '2020-05-26 22:29:07', '2020-05-26 22:29:07', '2021-05-26 16:29:07'),
('4685ecc166bb9194bdd8c9a75c25d0ece90da9f57b945693dc0a8a54496053ee9eb5d7ec3a848829', 41, 1, 'authToken', '[]', 0, '2020-05-17 18:17:13', '2020-05-17 18:17:13', '2021-05-17 12:17:13'),
('4725d3d6259ba955065e6a043072af06ea60bf3e2005fc6fe80ffc4cf200b9ae4ce58bf93f9c2a45', 1, 1, 'authToken', '[]', 0, '2020-04-22 20:18:52', '2020-04-22 20:18:52', '2021-04-22 14:18:52'),
('472fda910ec29429c1cd4e9f606212989fe5f50aa34c3edfb4074ccf1dd0f82055ab795670abaca5', 105, 1, 'authToken', '[]', 0, '2020-05-18 20:10:10', '2020-05-18 20:10:10', '2021-05-18 14:10:10'),
('4764ebaaad05c47678f127957acff009123ffee0ea1a1381a41bb14136db9be8f5ff2b2c254e174f', 1, 1, 'authToken', '[]', 0, '2020-04-22 19:50:24', '2020-04-22 19:50:24', '2021-04-22 13:50:24'),
('47b78c955d09bcf984b51a8d5bfe0ae5724dd1e0df486bd932893edcf0f015dc50f8976e882bc4d6', 12, 1, 'authToken', '[]', 0, '2020-04-28 14:05:39', '2020-04-28 14:05:39', '2021-04-28 08:05:39'),
('4874a3afd6c3d30a0196585f1d73a3bc47e3a17255947f9e2256df2d36caa347e0dbef835b6af4c1', 1, 1, 'authToken', '[]', 0, '2020-04-22 20:18:50', '2020-04-22 20:18:50', '2021-04-22 14:18:50'),
('48798baa72aed6366021bef657b925f26f158c8f264fb5a346c8c529a17817503b236e16c4292b02', 106, 1, 'authToken', '[]', 0, '2020-05-18 20:16:35', '2020-05-18 20:16:35', '2021-05-18 14:16:35'),
('4a232d5df6e5e3658e88f93fc9684444535a8936ddd2e5795d8132cd80cae2d6fbb180f182370a5a', 12, 1, 'authToken', '[]', 0, '2020-05-11 19:36:10', '2020-05-11 19:36:10', '2021-05-11 13:36:10'),
('4af77b52b2f07fd9f9331ad47f0e39ec18a333be77121d3cc79b191d91e43c07851b8f00f0dc9aa9', 12, 1, 'authToken', '[]', 0, '2020-05-13 18:37:46', '2020-05-13 18:37:46', '2021-05-13 12:37:46'),
('4bcf1f7bd1fd43e2edd5f2aadd8d5cddf5fa7e0e02430a8bf34053f67c7ff9e2fc62cb59f3b2d91b', 53, 1, 'authToken', '[]', 0, '2020-05-13 19:48:37', '2020-05-13 19:48:37', '2021-05-13 13:48:37'),
('4d6e4d86bee12b70d684b2f306b9bbe70b2162eb6bb614a65386b4b9cfb4d49540791a34a8896413', 1, 1, 'authToken', '[]', 0, '2020-04-22 20:21:29', '2020-04-22 20:21:29', '2021-04-22 14:21:29'),
('4ef322cabf36bb7b30b1795219ab588dae7220c77d243c8e3c85e2c6b508febc6716abce9a57bbe1', 1, 1, 'authToken', '[]', 0, '2020-04-22 15:54:38', '2020-04-22 15:54:38', '2021-04-22 09:54:38'),
('50539c5b3e965f4b37a075f1e0164a76ba8c9d422cb5fce678429b25e17da20081a4c628807f8566', 96, 1, 'authToken', '[]', 0, '2020-05-18 14:19:38', '2020-05-18 14:19:38', '2021-05-18 08:19:38'),
('509bc765f8a6337ec6562dbebd72890771beea11028e1ee7aea96ba80f1f41cf72bc8c8f46875cfa', 1, 1, 'authToken', '[]', 0, '2020-04-25 18:40:43', '2020-04-25 18:40:43', '2021-04-25 12:40:43'),
('514085944bed839c442bea5bed2d456cd7dfc1da635c23f8862d6f78f3aa598f01a5ac784f906275', 12, 1, 'authToken', '[]', 0, '2020-05-23 20:57:41', '2020-05-23 20:57:41', '2021-05-23 14:57:41'),
('53672cfd296fd9991c23c8b89e490b62a4f35f0cc076ef9610ece056281443edf6e04e04dd2843b7', 1, 1, 'authToken', '[]', 0, '2020-04-22 20:19:29', '2020-04-22 20:19:29', '2021-04-22 14:19:29'),
('54619792724d5e5d064eef5446ade2f76e0839e269154dbadbc93ea4faef8ad2c83ecd13a9dbfa19', 40, 1, 'authToken', '[]', 0, '2020-05-15 05:40:29', '2020-05-15 05:40:29', '2021-05-14 23:40:29'),
('54bec400e04a40f0b5634acbcbb71f4512d9e4b0990e5420f091ffe286bbc6d94d4b4490836933b4', 1, 1, 'authToken', '[]', 0, '2020-04-26 13:50:56', '2020-04-26 13:50:56', '2021-04-26 07:50:56'),
('54f1e79c2496ed4ed841efc15fe286175be5949123a0718576c108f0b0f2f665293bc675eed9cb2e', 12, 1, 'authToken', '[]', 0, '2020-04-27 16:11:11', '2020-04-27 16:11:11', '2021-04-27 10:11:11'),
('55e608d4687f942352a42c54bf37a5eebd93862725fa30e35a9b374b57ce516dfb66d24725df7362', 99, 1, 'authToken', '[]', 0, '2020-05-18 15:06:21', '2020-05-18 15:06:21', '2021-05-18 09:06:21'),
('566a4d8cc130ba0252a86b54f9db2878baf450eba3b1e9a314f77213f9cb87920bf6c63e25bbc4b7', 41, 1, 'authToken', '[]', 0, '2020-05-20 13:35:14', '2020-05-20 13:35:14', '2021-05-20 07:35:14'),
('57e2f2bd48b30b0d9810c0dec2cd1728976cdf087e14e0b920778ab0711108ca5a985f920c2431e4', 153, 1, 'authToken', '[]', 0, '2020-05-26 20:05:36', '2020-05-26 20:05:36', '2021-05-26 14:05:36'),
('580a49bc5cf029357c65cc7c15504a84c5f84e4f252ff447f17f2b24f532ec58f3b1ad04abf61d67', 152, 1, 'authToken', '[]', 0, '2020-05-26 14:48:34', '2020-05-26 14:48:34', '2021-05-26 08:48:34'),
('5847e5396019a70ddc0fb17aabe8fa46bd384a4217626d1b0c34f778a093a988a6dd343f3eaf98b5', 38, 1, 'authToken', '[]', 0, '2020-05-10 01:59:56', '2020-05-10 01:59:56', '2021-05-09 19:59:56'),
('589d3f325ce16beb94fe6ad0ccd56d4b3de9288e2ea433b29b0c844300353cb33ed755b0b96de7e8', 56, 1, 'authToken', '[]', 0, '2020-05-15 21:18:17', '2020-05-15 21:18:17', '2021-05-15 15:18:17'),
('59084efb789e6e9cf228b37ec950cf4141f3c73c6744fff5228710f702509c5eb06745975f47817e', 156, 1, 'authToken', '[]', 0, '2020-05-26 18:13:34', '2020-05-26 18:13:34', '2021-05-26 12:13:34'),
('595d4cb2e5e6fbe13bac45a6fb41f2082f5718a88cff9a5929728e1c136ad1816be4faa155a73e1e', 12, 1, 'authToken', '[]', 0, '2020-04-28 03:53:20', '2020-04-28 03:53:20', '2021-04-27 21:53:20'),
('59d62742e2fa5904d7ab1f7063663e38af23d7f692d284575ae5f9113a9b110072ea2ec2ff203ac6', 12, 1, 'authToken', '[]', 0, '2020-05-18 17:36:22', '2020-05-18 17:36:22', '2021-05-18 11:36:22'),
('5a1a7483eefa1cea382aac969320bed49b1816a11f695982a6653ac177ac61065fcbec030c516c7d', 44, 1, 'authToken', '[]', 0, '2020-05-11 15:51:08', '2020-05-11 15:51:08', '2021-05-11 09:51:08'),
('5aa90eecc5534a1ad4434ba65d3718010150e65f3ef0bbbef2a5b7ef0b94f2ce36e8507c8a71b04f', 109, 1, 'authToken', '[]', 0, '2020-05-18 20:34:11', '2020-05-18 20:34:11', '2021-05-18 14:34:11'),
('5af89fccdda881ba562e8edfdd95c408df45f3310ab276273b1c98a2b2800d5e78ed853d4242ce6d', 32, 1, 'authToken', '[]', 0, '2020-05-05 19:16:27', '2020-05-05 19:16:27', '2021-05-05 13:16:27'),
('5b80d2eccf2f2602979f414364a1507a98fe96ed356c8096707747160004c8f7771ba0d5851de445', 1, 1, 'authToken', '[]', 0, '2020-04-22 20:19:29', '2020-04-22 20:19:29', '2021-04-22 14:19:29'),
('5d885f5e801e4eadd41aa97168887d2d7fc413e381dce9bafc542a586c41d4a5e8927014b7212307', 41, 1, 'authToken', '[]', 0, '2020-05-19 20:42:24', '2020-05-19 20:42:24', '2021-05-19 14:42:24'),
('5e2efdd7b7c36facd92962da2c12ee07c1e498878e825028503d09550b643f3fca0d235f0da92017', 12, 1, 'authToken', '[]', 0, '2020-04-28 14:14:30', '2020-04-28 14:14:30', '2021-04-28 08:14:30'),
('5e323fa5da78e67cc31d868fe1bbc572312240ccca525ca36c62dfc82737d039ca3c2df95fffba83', 1, 1, 'authToken', '[]', 0, '2020-05-13 16:44:26', '2020-05-13 16:44:26', '2021-05-13 10:44:26'),
('5f333314e7f8c251861ecfa0215d04ccdaa210d093732b1866023d73fe96f6cd88b92a5e03cc2764', 118, 1, 'authToken', '[]', 0, '2020-05-20 02:41:47', '2020-05-20 02:41:47', '2021-05-19 20:41:47'),
('5f501b70bec7ba52d099a6f089033796f3c81d2542f28d7139240dcf8b41bfaf8c5d31cb408b6d20', 12, 1, 'authToken', '[]', 0, '2020-05-17 01:57:19', '2020-05-17 01:57:19', '2021-05-16 19:57:19'),
('5fcdb7fa75988a6c9e6f639855d062b2c761776415f8e948c71de3da717c7de286022639254c24db', 25, 1, 'authToken', '[]', 0, '2020-05-04 02:11:36', '2020-05-04 02:11:36', '2021-05-03 20:11:36'),
('612aac0f1ff9e7d879a3f5921ae6f556eb1f16eab944ba4ae2c6af1b87fad3b0ad11ae8da9ed8424', 150, 1, 'authToken', '[]', 0, '2020-05-26 14:35:30', '2020-05-26 14:35:30', '2021-05-26 08:35:30'),
('614e74b9e413f235cbbe7e07380f890d9374659e87e41d217226d69a518d480286e2f750decb0c95', 12, 1, 'authToken', '[]', 0, '2020-04-28 08:27:02', '2020-04-28 08:27:02', '2021-04-28 02:27:02'),
('61923de0d461b9364da6b6df7fedf9c0c37f77b982e8248ca6361c809c87daa76cb11f981cb25937', 12, 1, 'authToken', '[]', 0, '2020-05-23 20:28:48', '2020-05-23 20:28:48', '2021-05-23 14:28:48'),
('6210c42704b42bfb2aaa47875169c95a4ba7214d8ddb39932dbe84d3c34e999f0d16acf4056ec297', 41, 1, 'authToken', '[]', 0, '2020-05-19 16:17:11', '2020-05-19 16:17:11', '2021-05-19 10:17:11'),
('626ecbb8bd8be15a72f55e3fa428feb6fc7522efafdc817f511cdef541ee88deb05ea1237d133a31', 129, 1, 'authToken', '[]', 0, '2020-05-26 15:09:36', '2020-05-26 15:09:36', '2021-05-26 09:09:36'),
('62883aa398626dc2e66eafb71fd9e364ac08f37382f033d04386db2a8c8a2e75a63defbdd887eb23', 41, 1, 'authToken', '[]', 0, '2020-05-16 04:38:18', '2020-05-16 04:38:18', '2021-05-15 22:38:18'),
('638e7a90360ac4a54b0c26fc3c7a2989861b22d98936389b564de79af2201d8689dd5ded4b3686d4', 153, 1, 'authToken', '[]', 0, '2020-05-26 17:19:15', '2020-05-26 17:19:15', '2021-05-26 11:19:15'),
('63d009834c995c058bac50e94f60b8b34f0f797350d839d02c8ec9eb58352a155d03c220290679a7', 12, 1, 'authToken', '[]', 0, '2020-05-17 00:44:12', '2020-05-17 00:44:12', '2021-05-16 18:44:12'),
('641f21749f206d38a2e83624c3f6cc09a47f5c339014436ca491856c6e3796adb6ad5943753287f7', 12, 1, 'authToken', '[]', 0, '2020-05-23 20:49:02', '2020-05-23 20:49:02', '2021-05-23 14:49:02'),
('64dabf5b32267bc54fb17759180b45593da06f60f816245809c077059a04d490f3862e83e1bd7ce5', 12, 1, 'authToken', '[]', 0, '2020-05-13 17:06:25', '2020-05-13 17:06:25', '2021-05-13 11:06:25'),
('65f74f606c1f91c030cdc40eae8d0e458d7fdd9a6aa70cfcc08b608be9989fc57e16d71fb820fdc7', 1, 1, 'authToken', '[]', 0, '2020-04-22 20:22:07', '2020-04-22 20:22:07', '2021-04-22 14:22:07'),
('6670858f4cc517a53d6eaaec4b5186f92cb0ffa85f3bfa39828015caa9d2f0ba3e3d1b2e34d77f18', 1, 1, 'authToken', '[]', 0, '2020-04-26 15:15:06', '2020-04-26 15:15:06', '2021-04-26 09:15:06'),
('66b711f662f7445b16122c266cf4ad66379ce8e659303b54f2e1fe6764d94eb9d042f1b612fa5c10', 74, 1, 'authToken', '[]', 0, '2020-05-16 23:46:11', '2020-05-16 23:46:11', '2021-05-16 17:46:11'),
('66c346cfcd2174cf51190abdff1462eb3b959830693efef3013fa375dafc763dd0d91c6765e7e7d1', 153, 1, 'authToken', '[]', 0, '2020-05-26 14:55:13', '2020-05-26 14:55:13', '2021-05-26 08:55:13'),
('6763707386ea40158d7772164056606416fa775e9b7bab2fe731ed9f9bb5828b98ac95c386b369e7', 40, 1, 'authToken', '[]', 0, '2020-05-15 20:17:08', '2020-05-15 20:17:08', '2021-05-15 14:17:08'),
('67ccda045283edb202368516538aef70519be543ad541bc13f7d7730bd8af3d9faeca16344b0f5f7', 1, 1, 'authToken', '[]', 0, '2020-04-22 20:26:06', '2020-04-22 20:26:06', '2021-04-22 14:26:06'),
('67f405d658300d23a52e9633b1baff83bf5fb1877439864993635507d1bfafccf48a245bba0fc3b7', 41, 1, 'authToken', '[]', 0, '2020-05-20 13:27:59', '2020-05-20 13:27:59', '2021-05-20 07:27:59'),
('68865f3b8b880f236ff155bf603a1088ec76f82ea067531e499fb571f2e8ec65cee5404a53e792a2', 40, 1, 'authToken', '[]', 0, '2020-05-15 05:43:16', '2020-05-15 05:43:16', '2021-05-14 23:43:16'),
('68f200ffc70df7fa08c29584af3bc1f0625bfae081b2f5d62935820002828d551984660c9e4c9f26', 148, 1, 'authToken', '[]', 0, '2020-05-26 19:00:00', '2020-05-26 19:00:00', '2021-05-26 13:00:00'),
('69412488d6da89ee9bb6d4752613289579238ae0943929bf8a8f5f2a0389bd55af770da47b3d8897', 111, 1, 'authToken', '[]', 0, '2020-05-23 19:32:54', '2020-05-23 19:32:54', '2021-05-23 13:32:54'),
('69491288e0ab456ad32cb7ad8bde3a11aa3c2e0942d5f71133336b826bc6bfe5d734b0f384038ca8', 77, 1, 'authToken', '[]', 0, '2020-05-17 00:01:57', '2020-05-17 00:01:57', '2021-05-16 18:01:57'),
('69670209e9a712f0caffe9e24f25f85d0719519dc00218b13ebc905c225a87650f1093ceb62e152d', 12, 1, 'authToken', '[]', 0, '2020-04-27 15:56:40', '2020-04-27 15:56:40', '2021-04-27 09:56:40'),
('6a30d84d4d7cdca66969ed9904ccc9430850a8a21cc09b983e3197daaa5da511cd8c26cffe8fa3a4', 1, 1, 'authToken', '[]', 0, '2020-04-27 21:54:19', '2020-04-27 21:54:19', '2021-04-27 15:54:19'),
('6a965913294bac400cd00520860ace1175efe9ea06fe24c73494228ee6da55fa16d537393dd37619', 12, 1, 'authToken', '[]', 0, '2020-05-23 20:57:14', '2020-05-23 20:57:14', '2021-05-23 14:57:14'),
('6adbed3ba3e3e75f16a22ee11b271734de2648642df0ff76256a6f63fa4ef41bdd4632f707357448', 156, 1, 'authToken', '[]', 0, '2020-05-26 15:09:23', '2020-05-26 15:09:23', '2021-05-26 09:09:23'),
('6d9b34e70b60c545e6b2f11b5cb36155f467a0bb5c244abd958b77e5dbfbad0527f51fb4b96e3dba', 53, 1, 'authToken', '[]', 0, '2020-05-17 01:18:42', '2020-05-17 01:18:42', '2021-05-16 19:18:42'),
('6eb1929b7bb10cdb41d5569ebfeae4ba48af928380d1d905ba801288c02423efebf9731da7fd4a1b', 12, 1, 'authToken', '[]', 0, '2020-05-19 17:29:50', '2020-05-19 17:29:50', '2021-05-19 11:29:50'),
('6ee5f5e57e7e2b91b69b0064e217190e03ccd243d094cde24cce89eebf8d8e50a2491ce3d2e4bf81', 131, 1, 'authToken', '[]', 0, '2020-05-23 16:46:58', '2020-05-23 16:46:58', '2021-05-23 10:46:58'),
('6f7d1005715c7586fc1c8512431d57bc787605f9c8fcd9b2a0c484d93fbe0c5bbdc5b5d9b41a5e42', 1, 1, 'authToken', '[]', 0, '2020-04-22 20:22:04', '2020-04-22 20:22:04', '2021-04-22 14:22:04'),
('7067f68b4b047e832193f819e3a99934bd277c63ff81c296c19cd82452ee909b2e4a07b04cd64053', 40, 1, 'authToken', '[]', 0, '2020-05-16 21:04:35', '2020-05-16 21:04:35', '2021-05-16 15:04:35'),
('70f971ac1bd257056ce71233ed6758ffa38b17ab878692485123d1808df2df48a8a7286ceacd6649', 85, 1, 'authToken', '[]', 0, '2020-05-18 02:56:58', '2020-05-18 02:56:58', '2021-05-17 20:56:58'),
('7208c679a66e510b33401451c4d68ffab06fe99152b3dd1849d0f21d797249098ccbc1cd76349f16', 1, 1, 'authToken', '[]', 0, '2020-04-22 20:24:11', '2020-04-22 20:24:11', '2021-04-22 14:24:11'),
('72813f9d876da87c08f833b29a5add7cc328a77c37375fb491d5486b368ec9cdc277c9d925f906a1', 1, 1, 'authToken', '[]', 0, '2020-04-22 20:02:22', '2020-04-22 20:02:22', '2021-04-22 14:02:22'),
('72880c18b8c52716b547254552bf74542feec5d2fcc5e1cee893cb15f0039cd4b92b47ed2d58fd3f', 12, 1, 'authToken', '[]', 0, '2020-05-04 01:54:43', '2020-05-04 01:54:43', '2021-05-03 19:54:43'),
('7295791f38fb4b8242c8c89266e7e497a48b95d1dd7cea839046d3a235b12c4b5c01e844507f2ddd', 63, 1, 'authToken', '[]', 0, '2020-05-16 18:43:45', '2020-05-16 18:43:45', '2021-05-16 12:43:45'),
('72c40968a9b47aab58df7316ee8c6a238c90a23d708d4d605851601ef390d17cfb06601bf4b8b68d', 111, 1, 'authToken', '[]', 0, '2020-05-19 01:44:00', '2020-05-19 01:44:00', '2021-05-18 19:44:00'),
('73419e14e712967f31150b4339cab8ae2c048d639ae1e13488d41388219264cdde4959f7920e716d', 93, 1, 'authToken', '[]', 0, '2020-05-18 13:53:30', '2020-05-18 13:53:30', '2021-05-18 07:53:30'),
('73eb9c3ba52d5b1cb8a43388246bd65bf1e47c71cb3fb80096f4e745f70110dbf9ade2bfa7ac9dae', 41, 1, 'authToken', '[]', 0, '2020-05-17 18:04:13', '2020-05-17 18:04:13', '2021-05-17 12:04:13'),
('7417b390ac988a1fb336556a67db92bb923559e224bc818eeefdda93a42bb194526320c4bb83514c', 12, 1, 'authToken', '[]', 0, '2020-05-01 02:40:49', '2020-05-01 02:40:49', '2021-04-30 20:40:49'),
('742b54e85e493a093ead8a8e46238b29f74bf0679ac7196101799524b32f3b7c1cf6494848999e89', 1, 1, 'authToken', '[]', 0, '2020-04-22 19:54:52', '2020-04-22 19:54:52', '2021-04-22 13:54:52'),
('7459d45e3c9d3bb2cc78669917b29ff28d7b061e94428df154403b6a95c398b9a40e8bf03a1d2f88', 17, 1, 'authToken', '[]', 0, '2020-05-04 01:30:31', '2020-05-04 01:30:31', '2021-05-03 19:30:31'),
('7614626954ff3f53ff7a50110ac9b2e70b5ab125c5742f0f4943ab8f9a5d4e0cda4e5ec710316aac', 69, 1, 'authToken', '[]', 0, '2020-05-16 20:54:56', '2020-05-16 20:54:56', '2021-05-16 14:54:56'),
('761bea4e1bf10521e52c38fb894655654d68f446e781014d0b013e8cd27b89c8efada1fa11483d69', 155, 1, 'authToken', '[]', 0, '2020-05-26 15:05:03', '2020-05-26 15:05:03', '2021-05-26 09:05:03'),
('764bed52697806f0f61479c4ebbf32733645f0e167f9da9d6b0a742dbc12d4d913c0245287854f9c', 40, 1, 'authToken', '[]', 0, '2020-05-15 20:24:21', '2020-05-15 20:24:21', '2021-05-15 14:24:21'),
('7885df4a35bdda9f6bc87eef73b438e801b8fc3bcb4dddd2afc5b6d738943ecee187681111a87aea', 1, 1, 'authToken', '[]', 0, '2020-05-09 14:29:46', '2020-05-09 14:29:46', '2021-05-09 08:29:46'),
('78e0c64045f5f12d31b67b823aad5aedf727428e610c27295a98de9a25d617d57ba3d8f24ecae2ad', 49, 1, 'authToken', '[]', 0, '2020-05-13 17:58:34', '2020-05-13 17:58:34', '2021-05-13 11:58:34'),
('79315874af1291cc649a676d5402fccc801c4bba0c450c05eb1240a17b67924b6a3b94a684927dec', 112, 1, 'authToken', '[]', 0, '2020-05-19 16:39:48', '2020-05-19 16:39:48', '2021-05-19 10:39:48'),
('79ffcad1e2c62660a19209300aef0708fbd4f5e58b73dd6cbc4a47ee5108bad2b4c711d57d4f3e0b', 1, 1, 'authToken', '[]', 0, '2020-04-22 20:20:33', '2020-04-22 20:20:33', '2021-04-22 14:20:33'),
('7a031ba2cf1a59b8f762efdbcb3e2d90406632bb5d4a0cdba70d7d4b3874c32ea3f90219feafc2ab', 12, 1, 'authToken', '[]', 0, '2020-05-13 15:48:10', '2020-05-13 15:48:10', '2021-05-13 09:48:10'),
('7ba66a8c964757a75f3339879443b807248c2a0797c8c7fd35e81bf53aea848602c6f98438d5fcba', 162, 1, 'authToken', '[]', 0, '2020-05-26 20:52:13', '2020-05-26 20:52:13', '2021-05-26 14:52:13'),
('7bd846be84934c707d6efb7d8bcea8c89688b1840d8763f089a78d9d44cb769aa48fe319e6617bbc', 1, 1, 'authToken', '[]', 0, '2020-05-13 16:29:00', '2020-05-13 16:29:00', '2021-05-13 10:29:00'),
('7d365e5f939b64dc23c8b834fe2c8305e282b80fd2c296d3f89da2ee2dee0ad12bd27cc3daa01788', 167, 1, 'authToken', '[]', 0, '2020-05-26 21:54:37', '2020-05-26 21:54:37', '2021-05-26 15:54:37'),
('7d601072734c8efe7494362023413b309edffde665c5f8920495a3751ebee38a52168ff1d1b83ebc', 24, 1, 'authToken', '[]', 0, '2020-05-04 02:06:21', '2020-05-04 02:06:21', '2021-05-03 20:06:21'),
('7e1cf49a74f799f063973af3b6e71789898d2fbf52ccfae01998bad71009148056d3657bd2d8ede7', 45, 1, 'authToken', '[]', 0, '2020-05-11 18:33:56', '2020-05-11 18:33:56', '2021-05-11 12:33:56'),
('7ebe6dde7c2fc04cb4d09206995493e0bc411881eec26298f59ae87cf4cae2dfc81fe5955910199c', 135, 1, 'authToken', '[]', 0, '2020-05-23 17:23:54', '2020-05-23 17:23:54', '2021-05-23 11:23:54'),
('7f88fb12f0619e1a6dbb31b1b9faea8f1ab06bde02898267be64a1d6d4a70d89455b6c92818c8b64', 136, 1, 'authToken', '[]', 0, '2020-05-23 17:47:33', '2020-05-23 17:47:33', '2021-05-23 11:47:33'),
('80ca1490b043e06c2d7192667417029588619130ed20c5195bc8ae653c44d9897843bfa6634ddfea', 148, 1, 'authToken', '[]', 0, '2020-05-26 17:15:28', '2020-05-26 17:15:28', '2021-05-26 11:15:28'),
('80eee46e291c6432d99141fe8a984dbf9aba9d4adecf6cc74c7b994882541bde988e52a522ed733b', 1, 1, 'authToken', '[]', 0, '2020-04-22 20:20:49', '2020-04-22 20:20:49', '2021-04-22 14:20:49'),
('81dcdfacd68a843b7fc3e23c6c7ae559a0ff9b70a7e5b2ea8b3c3f10807992fcf1fe71ff385cfca6', 130, 1, 'authToken', '[]', 0, '2020-05-23 16:44:26', '2020-05-23 16:44:26', '2021-05-23 10:44:26'),
('822bdd4ae3c76f7434c1accc164628a4114fb490d685c3453fd0941a448956941fa15805a3a4319e', 156, 1, 'authToken', '[]', 0, '2020-05-26 19:27:47', '2020-05-26 19:27:47', '2021-05-26 13:27:47'),
('8246401f135517fdebded6489f74c9372d7ca3b5a0bf16f1cf53f54e5ce6331a6bc0ceee034c2b57', 168, 1, 'authToken', '[]', 0, '2020-05-26 22:19:00', '2020-05-26 22:19:00', '2021-05-26 16:19:00'),
('829cafa0908f446257d8e9fd081de365edfeb56f45c10e06538e5dcc3b0c3049fe3816545a00d5d2', 31, 1, 'authToken', '[]', 0, '2020-05-05 19:04:44', '2020-05-05 19:04:44', '2021-05-05 13:04:44'),
('82d1bf8c751b53d59b53b9c5c9b25bad4a487996e998c0dc7aa594d6e78a010c745a414e482c7cc1', 40, 1, 'authToken', '[]', 0, '2020-05-15 20:04:21', '2020-05-15 20:04:21', '2021-05-15 14:04:21'),
('833bc8878212c24b3418973d434071cd0afbebda04cf0d61be59a1f2df2790785bdef04611cb966d', 1, 1, 'authToken', '[]', 0, '2020-04-22 20:18:52', '2020-04-22 20:18:52', '2021-04-22 14:18:52'),
('8466e5e39f126cf14c7a1f5d9f530c3b5ece53caa69dc7afdb40cd783195f67bee78a19152910efd', 72, 1, 'authToken', '[]', 0, '2020-05-16 22:03:45', '2020-05-16 22:03:45', '2021-05-16 16:03:45'),
('84827dbb1727dad4872dc6a1de54b856d4ce0c7ea072d4f43bb939761d29f64d299475f9f33d22b8', 12, 1, 'authToken', '[]', 0, '2020-05-10 00:42:25', '2020-05-10 00:42:25', '2021-05-09 18:42:25'),
('84a07c75b75ca2ef17d1641cdafbbe984a4d339361b6111b7454ee6d4e934e5aae71c82ba3523224', 87, 1, 'authToken', '[]', 0, '2020-05-18 03:53:19', '2020-05-18 03:53:19', '2021-05-17 21:53:19'),
('8588150e5991c2da03abd7a8866012592fa2a42c2c424d9144ece6c0f40a10f3dc2af9dcbd1eb61e', 41, 1, 'authToken', '[]', 0, '2020-05-13 20:15:08', '2020-05-13 20:15:08', '2021-05-13 14:15:08'),
('866c67c51bad5c3d3d10ac098223a0de9613329f3850f4e8661e9ada10a6c89d700f6d7aace715ac', 12, 1, 'authToken', '[]', 0, '2020-04-27 15:56:48', '2020-04-27 15:56:48', '2021-04-27 09:56:48'),
('869a49197724e65c1c2a6bbecff4563dc00a2a1f78d5d2d23afa01c02249541be85e602b4f23db8d', 95, 1, 'authToken', '[]', 0, '2020-05-18 14:14:45', '2020-05-18 14:14:45', '2021-05-18 08:14:45'),
('86e17bb93dc0dad9c16aa91fa3e0bcdb3f8e739f4ca1cf82faabe5b9f5cb5ccaf513e343d667351e', 1, 1, 'authToken', '[]', 0, '2020-05-13 14:47:59', '2020-05-13 14:47:59', '2021-05-13 08:47:59');
INSERT INTO `oauth_access_tokens` (`id`, `user_id`, `client_id`, `name`, `scopes`, `revoked`, `created_at`, `updated_at`, `expires_at`) VALUES
('87073ba206519c0a92c4688e04a2da5d5e3246fcab04cae244fd12b3ddc6a4ad81c9109b3102aa2b', 12, 1, 'authToken', '[]', 0, '2020-04-26 14:49:28', '2020-04-26 14:49:28', '2021-04-26 08:49:28'),
('88575931b0b32eb5b244eff368c333a064f0c3c864ba291407ac7767a7272cda78bce75b1729d1cf', 1, 1, 'authToken', '[]', 0, '2020-04-22 20:20:47', '2020-04-22 20:20:47', '2021-04-22 14:20:47'),
('888fa1e7806a7a7ea15a0b33bbd92d100ea3e93dcfe92d30be752dc1d6f5cd76cce85d9d62141447', 149, 1, 'authToken', '[]', 0, '2020-05-26 15:02:51', '2020-05-26 15:02:51', '2021-05-26 09:02:51'),
('8913ba260f23a1059093cbbce11143fb210ef19fe39d32e5e4a52576c4e5f71907873f3c6f14c982', 1, 1, 'authToken', '[]', 0, '2020-04-26 13:49:38', '2020-04-26 13:49:38', '2021-04-26 07:49:38'),
('8a36e6dfb81ac4f93e583f42921d03693c2f5dc68b6059b6bfbd481f73906d61295bdac013d144b6', 92, 1, 'authToken', '[]', 0, '2020-05-18 13:47:11', '2020-05-18 13:47:11', '2021-05-18 07:47:11'),
('8b6530d8c25a85ac99952c5d1ba58a4ca516cd92377fad6054de10ec3c4800c69be1c9ca98fb3804', 1, 1, 'authToken', '[]', 0, '2020-04-22 20:24:11', '2020-04-22 20:24:11', '2021-04-22 14:24:11'),
('8bce911f598749039dd197587c68be6140a6dea27c7f2b727ce11e90d80a7136be9021c227f7bb48', 158, 1, 'authToken', '[]', 0, '2020-05-26 18:20:28', '2020-05-26 18:20:28', '2021-05-26 12:20:28'),
('8c348516401069c007a44c9cf1d6db70996b8c12278c9d32a9f9eb555de8182d1486afd0e7ead4f2', 40, 1, 'authToken', '[]', 0, '2020-05-16 03:20:05', '2020-05-16 03:20:05', '2021-05-15 21:20:05'),
('8c9e70126436db9a61e1f60bd523ad028bd431b817d66c20525c5924e15227a5b99898518543e01a', 10, 1, 'authToken', '[]', 0, '2020-04-18 11:08:59', '2020-04-18 11:08:59', '2021-04-18 13:08:59'),
('8cddd905564f9d67edcfa8d2988b148aa309f2b03fe4532cec055b29f0893f9da810c7f32823a8ee', 40, 1, 'authToken', '[]', 0, '2020-05-17 15:04:23', '2020-05-17 15:04:23', '2021-05-17 09:04:23'),
('8d41f7cdcc09fd5cd7d05ae86bc1ebfd2d481e5729dd3c5e27013c531832374d4be3bf4ae003c683', 111, 1, 'authToken', '[]', 0, '2020-05-23 20:30:43', '2020-05-23 20:30:43', '2021-05-23 14:30:43'),
('8d879b7db502d1fe5f82a0c0cf675643897f77d94ccd93fc88bb4deaee99b133153620fd96b92ce6', 1, 1, 'authToken', '[]', 0, '2020-04-22 20:20:33', '2020-04-22 20:20:33', '2021-04-22 14:20:33'),
('8fa75ec7a678942b84d4439b1bc82d44a04c4252f8194974783084e730028d087919672a73da5ae4', 1, 1, 'authToken', '[]', 0, '2020-04-22 19:53:38', '2020-04-22 19:53:38', '2021-04-22 13:53:38'),
('8fa79d81a7a14d599b5e1524d7740fb61850388ca4dd0e3c1e9a6eb49af6feef5128d96d59b36b2f', 1, 1, 'authToken', '[]', 0, '2020-04-22 19:55:15', '2020-04-22 19:55:15', '2021-04-22 13:55:15'),
('8fc298af72476c2c09a7928a2a3b2089be7e4e3250dc5b557b5e58a7f483c8d60de535f1859f49f4', 12, 1, 'authToken', '[]', 0, '2020-05-18 14:53:40', '2020-05-18 14:53:40', '2021-05-18 08:53:40'),
('8fd9eabe6d90e1f830e33fb872da476ccd668633fddecbc475d58ef8ba6c682cecee61cfeee92120', 12, 1, 'authToken', '[]', 0, '2020-05-23 20:50:44', '2020-05-23 20:50:44', '2021-05-23 14:50:44'),
('8ff6185ba8b0d73cc7d0daa27345e4c365eeb72ffb4d3649ae88708dc0c5eb77ec85d5cd86aacd13', 36, 1, 'authToken', '[]', 0, '2020-05-09 14:02:58', '2020-05-09 14:02:58', '2021-05-09 08:02:58'),
('909cb65f1cf8c9d69f1e9e38c134c283f57a37cc3186202d45e0cfdedd3ece88a6f3c7ddafc31acf', 102, 1, 'authToken', '[]', 0, '2020-05-18 17:49:03', '2020-05-18 17:49:03', '2021-05-18 11:49:03'),
('929249c982cd76d9fe4c754e3c6fc843b3eab5daf87696811c0efa03c9036274aba1c5a1d19849fe', 91, 1, 'authToken', '[]', 0, '2020-05-18 13:38:12', '2020-05-18 13:38:12', '2021-05-18 07:38:12'),
('92e95c602d7a4fe9eae0c4d2fd57f59156fe5a2b6965865778bbfc138ba0db9c4ff8bf6cf9719ecd', 89, 1, 'authToken', '[]', 0, '2020-05-18 07:16:23', '2020-05-18 07:16:23', '2021-05-18 01:16:23'),
('933a518523faf90ea5014fb8a4cad1e05d6f8a4f5821cd472375e0ae64d3863d203152de19a8b401', 41, 1, 'authToken', '[]', 0, '2020-05-19 19:18:32', '2020-05-19 19:18:32', '2021-05-19 13:18:32'),
('93576b42937445c34227f5eca254d80b7623d7d2c2046d6e123077b00e7e1572b7ed740f96f216af', 148, 1, 'authToken', '[]', 0, '2020-05-25 05:25:58', '2020-05-25 05:25:58', '2021-05-24 23:25:58'),
('938217b388e0adb93c71390ee07c57ff418e0d4b2b5a238a5fea319b5a396f46e96bf5e66ea1a134', 112, 1, 'authToken', '[]', 0, '2020-05-19 16:40:59', '2020-05-19 16:40:59', '2021-05-19 10:40:59'),
('93b1ae471c7cf1aa6bdda0f18c9712e85d39e4370e568f5d7f454ad2d58b81971e7c90d885f9bc85', 112, 1, 'authToken', '[]', 0, '2020-05-19 02:45:30', '2020-05-19 02:45:30', '2021-05-18 20:45:30'),
('93dd22fb103128faacda84756e948cce087f0dd3c69527a88a3d201dee3379b7df2b7eb720b73222', 1, 1, 'authToken', '[]', 0, '2020-04-26 13:41:24', '2020-04-26 13:41:24', '2021-04-26 07:41:24'),
('942159c52f7e5d714383a2f7e9029a938c072a067cd27b461aac4ab7652ca3222666b0c905bef20e', 78, 1, 'authToken', '[]', 0, '2020-05-17 00:45:09', '2020-05-17 00:45:09', '2021-05-16 18:45:09'),
('945592f82857ff5dede56f15a6eee3d0e2fd8283839989bfd1ff53deed796abdade77152adb95ebb', 109, 1, 'authToken', '[]', 0, '2020-05-18 20:33:48', '2020-05-18 20:33:48', '2021-05-18 14:33:48'),
('946a7fb80d10b12d99933a02a63ba1a655e0fb65b80ea88c4c0ddd90ed553aaf3fc2515c07ffd9ca', 153, 1, 'authToken', '[]', 0, '2020-05-26 16:59:51', '2020-05-26 16:59:51', '2021-05-26 10:59:51'),
('970aa2f64e0db6b4adba3a97fa3496203dd34039e628af158d32472fd89e12610fc639a7674f9ce5', 12, 1, 'authToken', '[]', 0, '2020-04-26 16:10:06', '2020-04-26 16:10:06', '2021-04-26 10:10:06'),
('985e09f78cd855c27ca41280dee9d599cd9b7d45b6760618a6eb12f698d569c282654561028f722e', 123, 1, 'authToken', '[]', 0, '2020-05-23 14:44:03', '2020-05-23 14:44:03', '2021-05-23 08:44:03'),
('9975f43f60d2e9556b8c8f88e9557dfc662e827548ca5dc88c37b8ba27a80a5f52830885d17a35ea', 1, 1, 'authToken', '[]', 0, '2020-04-22 20:18:52', '2020-04-22 20:18:52', '2021-04-22 14:18:52'),
('999f13adbd94a0e857823c1c5cf69c69eea15464541bd1656acbb0c937162638dfb035417b7a93e5', 39, 1, 'authToken', '[]', 0, '2020-05-10 13:27:08', '2020-05-10 13:27:08', '2021-05-10 07:27:08'),
('99d09b6cb3a17e2879a626e3e8aea54ee901d92be89431e0e0e40e597bbd70583d5fdd395dc42610', 1, 1, 'authToken', '[]', 0, '2020-04-22 20:21:27', '2020-04-22 20:21:27', '2021-04-22 14:21:27'),
('9a020bca360407b185dd31b3ea968df7b48d304325bd6114d4e5a02d15234508e27c76c895723646', 116, 1, 'authToken', '[]', 0, '2020-05-20 02:43:26', '2020-05-20 02:43:26', '2021-05-19 20:43:26'),
('9a0c36bdb8d66cfad1e14ebf8d3997426daf55feadc72633951770b31631e701b69151bb1e1c1e38', 51, 1, 'authToken', '[]', 0, '2020-05-13 19:00:15', '2020-05-13 19:00:15', '2021-05-13 13:00:15'),
('9aad19cca730c330f1d7549e263ad39842d02bc135f63645915018f797c7e4e5e584966d50c794a7', 23, 1, 'authToken', '[]', 0, '2020-05-04 01:57:18', '2020-05-04 01:57:18', '2021-05-03 19:57:18'),
('9c86deb084bcd5df290720b7b50f47007da9e7d1419332587ae74d281f033b2da74577c2449ce282', 113, 1, 'authToken', '[]', 0, '2020-05-19 20:04:19', '2020-05-19 20:04:19', '2021-05-19 14:04:19'),
('9ca648e8abfe72c16eda900e5fd141eff2833349f9c1607674aa963dba3778aa8b6449322a9a18e2', 156, 1, 'authToken', '[]', 0, '2020-05-26 15:08:12', '2020-05-26 15:08:12', '2021-05-26 09:08:12'),
('9d06562265770773b36e239597b9d2037b04fa830a336572ea6f169802aa39463395682e3e8f68f1', 116, 1, 'authToken', '[]', 0, '2020-05-20 02:40:21', '2020-05-20 02:40:21', '2021-05-19 20:40:21'),
('9d6dff7fd84db80635bf698f06cfdce10b67e395e78dce3eb67868c36ada53dda6aaa9e804105f5b', 158, 1, 'authToken', '[]', 0, '2020-05-26 16:11:48', '2020-05-26 16:11:48', '2021-05-26 10:11:48'),
('9de9050f3398417402a172b1a3a2181d518f6c97cde059abb199d2267b982a1f7edae05f25f8cd57', 81, 1, 'authToken', '[]', 0, '2020-05-17 01:20:14', '2020-05-17 01:20:14', '2021-05-16 19:20:14'),
('9dec2e18dc828dd366acb22e67233263a4f80120817b10cea5cce28a59e93b45f729e3dfe2b6ae19', 12, 1, 'authToken', '[]', 0, '2020-04-26 14:43:18', '2020-04-26 14:43:18', '2021-04-26 08:43:18'),
('9dfa887d5bc4550272931a84cb63e25c64af8eb1e79f9fee811aa6bec2946a5146f273bbf0bfaf7d', 26, 1, 'authToken', '[]', 0, '2020-05-08 12:15:15', '2020-05-08 12:15:15', '2021-05-08 06:15:15'),
('9e9ef26881cae642bccae9005a482ba4aa0a0276160f7c4c855b356658f6f162739afeb5049decf9', 12, 1, 'authToken', '[]', 0, '2020-04-26 15:22:50', '2020-04-26 15:22:50', '2021-04-26 09:22:50'),
('9ec3eeb210de20625014d29f09c518fca9cbe120269cb2a171f9eeb3ff2f104d796e748d4bd5497d', 129, 1, 'authToken', '[]', 0, '2020-05-23 16:41:07', '2020-05-23 16:41:07', '2021-05-23 10:41:07'),
('9f24f5a57c165faae96ac487b94e7668b0fd5f6dba39dd4ea4bdf3eb4c783bfaeca18fa9644ebd2d', 1, 1, 'authToken', '[]', 0, '2020-04-30 16:45:32', '2020-04-30 16:45:32', '2021-04-30 10:45:32'),
('a0f341a4809b9e1b82b431519e6d8368d8c7a15363cfbe086990a45d7ff439aee800240343ff3fa9', 153, 1, 'authToken', '[]', 0, '2020-05-26 14:57:01', '2020-05-26 14:57:01', '2021-05-26 08:57:01'),
('a266793d78f20d2484fbf09e3f73b01b523cdaa71a410ccdb47d98effba5797fc35b2179066c6586', 41, 1, 'authToken', '[]', 0, '2020-05-19 13:54:40', '2020-05-19 13:54:40', '2021-05-19 07:54:40'),
('a390348e555787a2425be94c00f3d2194dcced25724e7477f7f57c5cbbc2b1f37bb7ba260c702af0', 1, 1, 'authToken', '[]', 0, '2020-04-22 20:18:50', '2020-04-22 20:18:50', '2021-04-22 14:18:50'),
('a49c78b31a87c33ea5d08660968a5d9c67db0add9469096858ddf8e1ba921d6f09e59def037b7b13', 1, 1, 'authToken', '[]', 0, '2020-04-26 17:19:17', '2020-04-26 17:19:17', '2021-04-26 11:19:17'),
('a523e03fcfcd198fe516dc9b39b175e7354a5c631e07f11f45edcca911de5c1696d9b6a8f61a6aa6', 55, 1, 'authToken', '[]', 0, '2020-05-13 21:03:33', '2020-05-13 21:03:33', '2021-05-13 15:03:33'),
('a5a337760a512900ba59619629a44dc302d1f340e3cf980ea6fa4b8b0c028d8bbb69692b9d228640', 12, 1, 'authToken', '[]', 0, '2020-04-27 18:49:41', '2020-04-27 18:49:41', '2021-04-27 12:49:41'),
('a6b16e5f1b9a401500e909e225d4d16423410d0c168aaf1d4a33f69c57bd43432734f906a8ff3926', 111, 1, 'authToken', '[]', 0, '2020-05-23 20:07:17', '2020-05-23 20:07:17', '2021-05-23 14:07:17'),
('a758fa9f535a09d9034e8cd86155f7cce023468855d4ca9674bf03dc89fc4d8b124fb50e4d5ea970', 106, 1, 'authToken', '[]', 0, '2020-05-18 20:15:59', '2020-05-18 20:15:59', '2021-05-18 14:15:59'),
('a7796fa02c96981a438f48c65b2e6e6281a970ff7ca97dc6f05bd3bbc2115dbdc0d16c50034c9a6c', 1, 1, 'authToken', '[]', 0, '2020-04-28 13:25:23', '2020-04-28 13:25:23', '2021-04-28 07:25:23'),
('a7afa5307ae421c52fb2a03328b3e45d33748ca5968e1789c131bc9fe5586ae6aadecd899c8a297f', 41, 1, 'authToken', '[]', 0, '2020-05-19 19:26:04', '2020-05-19 19:26:04', '2021-05-19 13:26:04'),
('a869e9847c41a1a439c50cb624486d9371ea777d3068b19685adeecfe1d05bdbb11a8d709e4a5781', 1, 1, 'authToken', '[]', 0, '2020-04-26 17:14:07', '2020-04-26 17:14:07', '2021-04-26 11:14:07'),
('a9c69c5fb9d79742401971ed583ac28a53766ba4e895896b0d99e3d5c3d018a1947573a2ea9e726a', 12, 1, 'authToken', '[]', 0, '2020-05-18 01:19:52', '2020-05-18 01:19:52', '2021-05-17 19:19:52'),
('aa5501ea7563fcc8a5fc37162bd9ff59422e75679fb6889cba6a971648c29abf43589ecd8ed8db6a', 41, 1, 'authToken', '[]', 0, '2020-05-10 13:44:03', '2020-05-10 13:44:03', '2021-05-10 07:44:03'),
('abaa35607329501e6d0d818bab46f0e738cf6f5451b2fc640616bbee373fee88ff6a605bea0ce61d', 1, 1, 'authToken', '[]', 0, '2020-04-25 18:40:43', '2020-04-25 18:40:43', '2021-04-25 12:40:43'),
('ad2c3682f511df597cc7ce74683babb1c38b459e1feaaa505b382d140ac066d581dfb601572742e4', 12, 1, 'authToken', '[]', 0, '2020-04-27 19:16:01', '2020-04-27 19:16:01', '2021-04-27 13:16:01'),
('ae12093864a95c7b3a34d7efb17a4802b2ae1a208aa1eaaae3ef8bf7e19f2a829dd3cc4b8a38fe92', 123, 1, 'authToken', '[]', 0, '2020-05-23 15:15:03', '2020-05-23 15:15:03', '2021-05-23 09:15:03'),
('aec387e9bb54387c259a81e4596bf43d5eee90a7cfdd73bbece2864e33204ad7997cf8b3ab8646d2', 8, 1, 'authToken', '[]', 0, '2020-05-10 13:19:05', '2020-05-10 13:19:05', '2021-05-10 07:19:05'),
('af6ef66cb220fb4a2fa2b3c407fbff799e55146a4a32b2d236af75921cccb9dcc40e938188aa9cde', 113, 1, 'authToken', '[]', 0, '2020-05-19 17:01:36', '2020-05-19 17:01:36', '2021-05-19 11:01:36'),
('af76999a5c18168087e781f777d1eca60558c71ee823a80d6aad71b512866a035d39ece0ebc0bdf9', 40, 1, 'authToken', '[]', 0, '2020-05-17 13:21:29', '2020-05-17 13:21:29', '2021-05-17 07:21:29'),
('b08a2aca0705b1daee314eca139b73c7e98bfe630052ac1fe779f821e700a7b19642027227dc9a01', 1, 1, 'authToken', '[]', 0, '2020-05-03 14:52:20', '2020-05-03 14:52:20', '2021-05-03 08:52:20'),
('b206d319f49e081492b53299650d5d846ef3faf40c56d871f8f5256785b731574df056befbd835cf', 40, 1, 'authToken', '[]', 0, '2020-05-17 14:34:28', '2020-05-17 14:34:28', '2021-05-17 08:34:28'),
('b228a9aa8c9ae3a2af3428988c83485c2ed66e007ba5fd9fb0298de88acd453daa9ed074444c9401', 12, 1, 'authToken', '[]', 0, '2020-05-13 18:54:06', '2020-05-13 18:54:06', '2021-05-13 12:54:06'),
('b2afb061545450ad269a5d1e2e7d168c56115a39e45576e067fb80b1234d9aeac1e9b76eaf602f5e', 1, 1, 'authToken', '[]', 0, '2020-04-30 17:10:26', '2020-04-30 17:10:26', '2021-04-30 11:10:26'),
('b2dec195861cc0a137e579ec2c2f93e4f5a8f216d3d6f77655abf6b570134742117e682541eea66e', 41, 1, 'authToken', '[]', 0, '2020-05-19 15:29:13', '2020-05-19 15:29:13', '2021-05-19 09:29:13'),
('b425a3272cd7ba9667e28123ad89f1e16b2110fa0102c3b14be064ea36eb8b0dc5ea5637fcd2964c', 40, 1, 'authToken', '[]', 0, '2020-05-15 19:53:14', '2020-05-15 19:53:14', '2021-05-15 13:53:14'),
('b45d47f6edb7543abba19587965fd35454217386786afb2b832b24d25d9a19f0f88caa7a493b7788', 86, 1, 'authToken', '[]', 0, '2020-05-18 03:04:43', '2020-05-18 03:04:43', '2021-05-17 21:04:43'),
('b47c18020e1ef157dbb1d4e3f133d59fde8ad3255a3b05f208eb0672bdd06dcbb9940f09fdb05435', 40, 1, 'authToken', '[]', 0, '2020-05-15 04:58:29', '2020-05-15 04:58:29', '2021-05-14 22:58:29'),
('b4953c1d2431a0bafb4074b4a161edb34f5e38bce05f85b8abed3c57af8e755cf22343c158321142', 1, 1, 'authToken', '[]', 0, '2020-04-27 16:50:10', '2020-04-27 16:50:10', '2021-04-27 10:50:10'),
('b569c3d9ad63dff4059fc91840215555fa48fb24093a68695aef7dc84e5934a6ffc94a22577b14e3', 148, 1, 'authToken', '[]', 0, '2020-05-26 15:02:21', '2020-05-26 15:02:21', '2021-05-26 09:02:21'),
('b6a1a8863edd83dfea9e8dbf7e2484ee6c97493b05980fde2ebc2789ffed9bdecbb983d4119f5206', 1, 1, 'authToken', '[]', 0, '2020-04-27 21:50:31', '2020-04-27 21:50:31', '2021-04-27 15:50:31'),
('b710615e28aff45667cec662857a06671a0cad1ad6339c40f3a717254827ce3c2fb58c4ba98007cf', 110, 1, 'authToken', '[]', 0, '2020-05-18 20:37:02', '2020-05-18 20:37:02', '2021-05-18 14:37:02'),
('b7bee16e43063919e920ddc401af1f4d0fd4abd6c9e57208318b59158228e27a53668902de8f2104', 12, 1, 'authToken', '[]', 0, '2020-04-28 05:21:28', '2020-04-28 05:21:28', '2021-04-27 23:21:28'),
('b7ed350f1fa01be0504893c0156803b5d980246ce9875ea00fdd646e14ab584684d1a9ae35871e47', 12, 1, 'authToken', '[]', 0, '2020-05-23 19:34:30', '2020-05-23 19:34:30', '2021-05-23 13:34:30'),
('b833c6f52f7adb875d9060a8e1f156b88266408e45ebbc23e55b81de17a5e46e800d1c7736cfc222', 40, 1, 'authToken', '[]', 0, '2020-05-15 03:32:25', '2020-05-15 03:32:25', '2021-05-14 21:32:25'),
('b966361c90b2fece197c017dd5719f5c3a0eb405ba92e194ebe575e15070648b30abb7a1c862356d', 105, 1, 'authToken', '[]', 0, '2020-05-18 20:10:47', '2020-05-18 20:10:47', '2021-05-18 14:10:47'),
('ba5e9807e94b014f7a82cd49884ac7fee242118750d666505d7c503d05cc7f146af6b0f8716e4519', 1, 1, 'authToken', '[]', 0, '2020-05-13 14:33:37', '2020-05-13 14:33:37', '2021-05-13 08:33:37'),
('ba61cb1484454229ea4f645c23364622d0a57dc1cac389cb8385ebcb92027e0d2d9adb91a0cbda26', 1, 1, 'authToken', '[]', 0, '2020-04-22 20:20:33', '2020-04-22 20:20:33', '2021-04-22 14:20:33'),
('ba8878f82274ad6832e5aaad03204e230ce1d3a5d3307c29cbe45c4708569038b26b31307e5d0653', 116, 1, 'authToken', '[]', 0, '2020-05-20 00:55:50', '2020-05-20 00:55:50', '2021-05-19 18:55:50'),
('baa91d5da53f2946df9a9b5ed61fac948dd46cf9d1cda0a5bdea3dae9f6fc9174685b959c1169099', 12, 1, 'authToken', '[]', 0, '2020-05-13 14:56:21', '2020-05-13 14:56:21', '2021-05-13 08:56:21'),
('bacba94135f9ba0c4f2984bcd41f3ad9f627a65978c3f5db58fdbb06e5fb79f179a5bdea25f9e8da', 107, 1, 'authToken', '[]', 0, '2020-05-18 20:19:31', '2020-05-18 20:19:31', '2021-05-18 14:19:31'),
('bb0e4de41662e3fab1cd71e8606d0eeac7634574a62cc75c4ec926a1140a79e29a735324107171ad', 53, 1, 'authToken', '[]', 0, '2020-05-19 17:49:54', '2020-05-19 17:49:54', '2021-05-19 11:49:54'),
('bc8dbeba83363f1b359fa4257698aa71cdb618345762bd2c5e501cac4a55849c35ca939f666195ed', 156, 1, 'authToken', '[]', 0, '2020-05-26 15:07:42', '2020-05-26 15:07:42', '2021-05-26 09:07:42'),
('bd584012ef47911eae9a5f6ec02e4b6c98d3c453618b4d8cdb5e47ad91d7ed33d5a16970f3757ad0', 152, 1, 'authToken', '[]', 0, '2020-05-26 14:49:44', '2020-05-26 14:49:44', '2021-05-26 08:49:44'),
('be2284bc1b98e0a3ab3ad0b5e5d348bd3f5cb2edb250fe5b0729ff6d4942dd7f68311aae8f7bd08b', 12, 1, 'authToken', '[]', 0, '2020-04-30 17:19:41', '2020-04-30 17:19:41', '2021-04-30 11:19:41'),
('bedf7c6c0056900b5a122053851d58cc5dbc4c8f62fd8e4e738435009147803dd087e9ae0522700a', 12, 1, 'authToken', '[]', 0, '2020-05-13 15:37:36', '2020-05-13 15:37:36', '2021-05-13 09:37:36'),
('c01c173af751bda1fd53282052459f8caafbbb37a55927bb2d98d90a7f0bb3ce9e8eb442ef90a7a7', 57, 1, 'authToken', '[]', 0, '2020-05-16 15:31:34', '2020-05-16 15:31:34', '2021-05-16 09:31:34'),
('c0377ab62fe42b0a9e3924cdd84f5a39f9e97b6fdd2578b797002cbc9a835ae858c65d89aab225aa', 161, 1, 'authToken', '[]', 0, '2020-05-26 19:40:40', '2020-05-26 19:40:40', '2021-05-26 13:40:40'),
('c08556d96f2010f8266598fabbd50064bfaa2a0c78f2206eef381129ac701cd8e74737105723aa6f', 113, 1, 'authToken', '[]', 0, '2020-05-20 14:14:03', '2020-05-20 14:14:03', '2021-05-20 08:14:03'),
('c09c2c7d2f6462a93aab3ce41dd8181714d8fe875c14cf01e4188ea62cbe91d59e57f71e4c932354', 111, 1, 'authToken', '[]', 0, '2020-05-23 21:48:05', '2020-05-23 21:48:05', '2021-05-23 15:48:05'),
('c11507e69e87f3ad50bef81e8cfde4c489c163af378b0147eb7aabfba3ed06e975946d854fd18321', 1, 1, 'authToken', '[]', 0, '2020-04-22 16:54:47', '2020-04-22 16:54:47', '2021-04-22 10:54:47'),
('c12920dd30cc66b5d309e1eb45cccaefa622eac452ddc6a3171aa5cc2e5a3b5a5c571220d387a02f', 41, 1, 'authToken', '[]', 0, '2020-05-18 05:55:22', '2020-05-18 05:55:22', '2021-05-17 23:55:22'),
('c183d583933b78a5b46a46abfd915e0410cbf7f8fed53f29057ee211fbc0f5d0376e916d743f8535', 40, 1, 'authToken', '[]', 0, '2020-05-15 05:52:52', '2020-05-15 05:52:52', '2021-05-14 23:52:52'),
('c25089254374b7d072c30b97c591688ed1588cea0f0813878f391c37b0a814bdf7546ad4f2fc52f3', 12, 1, 'authToken', '[]', 0, '2020-05-20 03:56:22', '2020-05-20 03:56:22', '2021-05-19 21:56:22'),
('c33982ce9c205985106027740afc501323375f33d944868ad1965a236cce14e024ebef3495871c78', 1, 1, 'authToken', '[]', 0, '2020-04-22 20:24:11', '2020-04-22 20:24:11', '2021-04-22 14:24:11'),
('c3546c4efe32e3bf7d98fe2e2793e34f20f8261ee918e455485c920d07ab1d57bd81b83a23887ed8', 12, 1, 'authToken', '[]', 0, '2020-04-27 15:56:45', '2020-04-27 15:56:45', '2021-04-27 09:56:45'),
('c3a999ded1645f44ffbbd3fc2b7aea704e822157684890681fe1dff73e5ee2b0d020f6dcfdc99db2', 151, 1, 'authToken', '[]', 0, '2020-05-26 14:42:48', '2020-05-26 14:42:48', '2021-05-26 08:42:48'),
('c3af34a28a76db8450e42a34d65a835842bd3fb79d4ea574b2a7f6fc31b99c5f4e58d6e65ed31e94', 1, 1, 'authToken', '[]', 0, '2020-04-26 17:25:32', '2020-04-26 17:25:32', '2021-04-26 11:25:32'),
('c4286d9f689038d421f0ac50009ef20cc9b46e5eed638cbfde05dc98d997c5e8e70264239591bb1f', 40, 1, 'authToken', '[]', 0, '2020-05-15 05:49:36', '2020-05-15 05:49:36', '2021-05-14 23:49:36'),
('c4a94ce3e7fd4fb61426b27ab440ea2ac516b7e27f15c2464cf2ef071a50d89726e5422dd278b17f', 144, 1, 'authToken', '[]', 0, '2020-05-25 04:44:37', '2020-05-25 04:44:37', '2021-05-24 22:44:37'),
('c50cec35686262e508cc4abd92943ddbcfbd493edb65074b0c12544fa7ca28b3b9b3aca37d7a24c7', 12, 1, 'authToken', '[]', 0, '2020-05-10 15:17:37', '2020-05-10 15:17:37', '2021-05-10 09:17:37'),
('c632494ad9e7643367fbe1b2bfb1c39af8a8f13536b0ff8124772cfa03863333776493642e7a715e', 111, 1, 'authToken', '[]', 0, '2020-05-19 01:20:23', '2020-05-19 01:20:23', '2021-05-18 19:20:23'),
('c6338c81cdd367d2c7a79510fa2b13501c08f1aace969be907226b2451b33550e441c5278d614ad5', 12, 1, 'authToken', '[]', 0, '2020-05-13 14:53:57', '2020-05-13 14:53:57', '2021-05-13 08:53:57'),
('c658d3d771df26946be3f0214108ec6cf343cf6c03cc42e0580f4ac2c9d5e336dd3272a652a7c070', 94, 1, 'authToken', '[]', 0, '2020-05-18 14:12:39', '2020-05-18 14:12:39', '2021-05-18 08:12:39'),
('c6686275615be00b90a86ea70111e357990afd3e57052b95b2297934adb4832883121e8dec16755a', 8, 1, 'authToken', '[]', 0, '2020-05-03 15:45:05', '2020-05-03 15:45:05', '2021-05-03 09:45:05'),
('c67e32e8a35ca03220b35453f48521080ac46703f3d96addc09a29a0adb3ed21449562f3e34374ce', 84, 1, 'authToken', '[]', 0, '2020-05-18 01:29:02', '2020-05-18 01:29:02', '2021-05-17 19:29:02'),
('c696714808f3f6e1d18d416ee2efce746591708120c73da9ba539f49ae4ccd727ff8fbcc874e2dae', 149, 1, 'authToken', '[]', 0, '2020-05-25 05:41:49', '2020-05-25 05:41:49', '2021-05-24 23:41:49'),
('c6c007d88ab2bd79eb6c7ea961f949bf3aada9247ed8356f970a8c00e826b74c536a07ed5d7f3ace', 29, 1, 'authToken', '[]', 0, '2020-05-05 18:48:13', '2020-05-05 18:48:13', '2021-05-05 12:48:13'),
('c72ef7c25a91052c5f7b8f83a6eb9e91258979efc6b456e216b04c9d946872a723c52f8d5d483e86', 12, 1, 'authToken', '[]', 0, '2020-05-18 18:37:04', '2020-05-18 18:37:04', '2021-05-18 12:37:04'),
('c7beb06acb9b13b078067be198354bf8d1c62faa6bc9c70c58094c0d774c06773931d119159377ed', 83, 1, 'authToken', '[]', 0, '2020-05-17 01:40:43', '2020-05-17 01:40:43', '2021-05-16 19:40:43'),
('c90e91302fb9039303fa23bd037c3133423db022444135766c4a6f4d3c3cdd2a2f7cb16c03206fe4', 1, 1, 'authToken', '[]', 0, '2020-04-22 20:24:57', '2020-04-22 20:24:57', '2021-04-22 14:24:57'),
('c919b27db310f3af9ef250c83221bdafb1f540c0eb6d8c5d883ece147721e894798704050076d4ed', 12, 1, 'authToken', '[]', 0, '2020-04-28 04:17:10', '2020-04-28 04:17:10', '2021-04-27 22:17:10'),
('c92c2a0b869f733e8b95f592bf1b2e7e75f66d1c725e265c1a501e58870f751ed9881da160287d96', 1, 1, 'authToken', '[]', 0, '2020-04-30 16:47:46', '2020-04-30 16:47:46', '2021-04-30 10:47:46'),
('c9338639ed462a8c05bb65640c27d5a7f14fa90689442719dfcb2a59ce1f9d773d0f36bd9b6f4ab1', 164, 1, 'authToken', '[]', 0, '2020-05-26 21:49:27', '2020-05-26 21:49:27', '2021-05-26 15:49:27'),
('ca28eab4098b67e2702a6d95155f393859f093d8363774b1147e14e896aac9cb0ad9e287b077c5aa', 66, 1, 'authToken', '[]', 0, '2020-05-16 20:18:30', '2020-05-16 20:18:30', '2021-05-16 14:18:30'),
('ca45a40aa71db4056bad03ad556b4d8689ab514865d121a771d5d7d38f2751934991ddba1131acfa', 41, 1, 'authToken', '[]', 0, '2020-05-16 03:04:25', '2020-05-16 03:04:25', '2021-05-15 21:04:25'),
('cae291fca0ba3c51b854174412c9aaaff48938f1b3235370af6fac235eece89a4f6aacd1db794b5d', 12, 1, 'authToken', '[]', 0, '2020-04-27 15:56:52', '2020-04-27 15:56:52', '2021-04-27 09:56:52'),
('cb7c365e9bb0efbd02fe7ad9adbb0d339b85c20f9516a6bb15772470a55e7b0a1298626c3799063d', 53, 1, 'authToken', '[]', 0, '2020-05-16 17:42:44', '2020-05-16 17:42:44', '2021-05-16 11:42:44'),
('ce11c4a60ce33e59c68af668bcf0b419741f6fb4c007d7acffa01e7fdfcb3672fc271604eb64ec69', 44, 1, 'authToken', '[]', 0, '2020-05-11 15:48:27', '2020-05-11 15:48:27', '2021-05-11 09:48:27'),
('ce31f43d1c26e5ff1a9de47b3a6436da55016ce8a3b7f85b4752e7062761e07cff2624696d7ac5a7', 82, 1, 'authToken', '[]', 0, '2020-05-17 01:27:19', '2020-05-17 01:27:19', '2021-05-16 19:27:19'),
('ce8e516ea5187990eafa5cb43b215b4d5ec8525436120fb3e5ac9154bf0d13c409319463d7416ade', 112, 1, 'authToken', '[]', 0, '2020-05-24 01:24:08', '2020-05-24 01:24:08', '2021-05-23 19:24:08'),
('cef780f2fe04f54bcd51f004b88d52c2a53196652584a522d069fe78e271db6d2faca37e7c3d119e', 148, 1, 'authToken', '[]', 0, '2020-05-26 21:13:32', '2020-05-26 21:13:32', '2021-05-26 15:13:32'),
('cf7e80fef9658da676b2a9bf691a033209935d985c0837d46b89d079c4fe3f1fb36b95765a5f1b62', 40, 1, 'authToken', '[]', 0, '2020-05-15 05:42:26', '2020-05-15 05:42:26', '2021-05-14 23:42:26'),
('d1be146eb623b028d82a21091fe2258110e1af1098a08b70a4b4d0d7a00b74a4c0cdcafef5eb31d8', 159, 1, 'authToken', '[]', 0, '2020-05-26 17:25:34', '2020-05-26 17:25:34', '2021-05-26 11:25:34'),
('d27735bae2a7cb98ec0967c0ba24a7fcc126bcdc1ea56fe677878cd4469fdfada3aebdef068b6609', 40, 1, 'authToken', '[]', 0, '2020-05-15 03:12:59', '2020-05-15 03:12:59', '2021-05-14 21:12:59'),
('d28347b7777e381d9f6a778eb67e955b00ebdbfdf6301e18989f61d3c50eb28fe60cb8a35fe9e3fb', 1, 1, 'authToken', '[]', 0, '2020-05-13 16:35:07', '2020-05-13 16:35:07', '2021-05-13 10:35:07'),
('d296471225bb051ef51a60dfb9dea332031b9a1e1d34c85618f6d3bbe0c95f4663dc6b3d30695025', 137, 1, 'authToken', '[]', 0, '2020-05-23 18:09:29', '2020-05-23 18:09:29', '2021-05-23 12:09:29'),
('d30ce986b7a78f65e8aa8dc176602e61152e99c2b91017d1b45de7133002bc38d8f999b5abda9ebe', 163, 1, 'authToken', '[]', 0, '2020-05-26 21:48:02', '2020-05-26 21:48:02', '2021-05-26 15:48:02'),
('d3fc2856feae7201f63978e80f55feaec0cb3756d8ac5de5918ecb1fb243a705d39b2edaa1780fbe', 1, 1, 'authToken', '[]', 0, '2020-04-28 14:45:11', '2020-04-28 14:45:11', '2021-04-28 08:45:11'),
('d4e4ce1efb3d4085bb4b59721bd66bb4556b391b5554dd1182ef7dfe181d6b8e8a90d09b6e5deef7', 1, 1, 'authToken', '[]', 0, '2020-04-28 14:41:00', '2020-04-28 14:41:00', '2021-04-28 08:41:00'),
('d51a46df37d47df71a2a3d215b08b76042ca0d72c43f4850fea16fdcfd486313aa39bcd817e11e94', 28, 1, 'authToken', '[]', 0, '2020-05-05 18:46:46', '2020-05-05 18:46:46', '2021-05-05 12:46:46'),
('d5cab98305e11d6e93c50dbd3ed99f5bf404963873be43f73364512849193d001aa8cc7f3ccb8c5a', 148, 1, 'authToken', '[]', 0, '2020-05-26 15:01:45', '2020-05-26 15:01:45', '2021-05-26 09:01:45'),
('d64b5fd5b60c45bddaea19ef5b6153631ca3662697bf7d92687846d605ce2f4a6c4cba9d6fd3e07c', 124, 1, 'authToken', '[]', 0, '2020-05-23 14:21:12', '2020-05-23 14:21:12', '2021-05-23 08:21:12'),
('d73e3fd6203ab4fda083520c77da734efa4a949b4df03905a07407e8b2a8d1a89cdf6b75908bb94e', 110, 1, 'authToken', '[]', 0, '2020-05-18 20:36:34', '2020-05-18 20:36:34', '2021-05-18 14:36:34'),
('d78928924c0a126e46b123f835e468d825ce9b1cb70610a2ab6870a8eb8402bcf179fc2f7624647b', 148, 1, 'authToken', '[]', 0, '2020-05-26 18:51:02', '2020-05-26 18:51:02', '2021-05-26 12:51:02'),
('d815337e722d193e3fa5313c74e60af87f9117f038cf537269646cc1b34638bf338f149687a82ab9', 64, 1, 'authToken', '[]', 0, '2020-05-16 18:48:55', '2020-05-16 18:48:55', '2021-05-16 12:48:55'),
('d8247103f249c3f373c5d66cf63818c1b0ba5bc7f0ea8337caddc88391df3e81f6a694e6da2d9af0', 12, 1, 'authToken', '[]', 0, '2020-04-28 03:54:34', '2020-04-28 03:54:34', '2021-04-27 21:54:34'),
('d882a78c5ca17ca648c6e373951ca84946b7713a4702b48a62bc19f2be941fd2279a3fa7c1fba4d4', 1, 1, 'authToken', '[]', 0, '2020-05-23 13:25:27', '2020-05-23 13:25:27', '2021-05-23 07:25:27'),
('d88a737de0a8098b8257c8b00dca461d852a6efb5fcef062bbefac4af698fdef62b2d7233d24461e', 1, 1, 'authToken', '[]', 0, '2020-04-22 20:22:07', '2020-04-22 20:22:07', '2021-04-22 14:22:07'),
('d8c95e8d4560123beaafc6c4245eeaefbc803de9bb7b90daf32bc010cb24f94db4107b8394a376d1', 12, 1, 'authToken', '[]', 0, '2020-05-13 14:30:02', '2020-05-13 14:30:02', '2021-05-13 08:30:02'),
('da1a01c2df333b621bc53aca0c1531c450f85b49b10277a2cc38eff417bdca79e16f861ff24dfc98', 111, 1, 'authToken', '[]', 0, '2020-05-23 19:32:27', '2020-05-23 19:32:27', '2021-05-23 13:32:27'),
('dad560cc8ffe91413f3f9f681fed7b78f9ecf99aeffef35a120befb8cfc1523f4770ab73f64a79f9', 21, 1, 'authToken', '[]', 0, '2020-05-04 01:47:49', '2020-05-04 01:47:49', '2021-05-03 19:47:49'),
('db31ceb2e0e728b917ef6c81886864995a0284d640a32b77b25b04b0ad39ed63fc1085baac7d48c7', 70, 1, 'authToken', '[]', 0, '2020-05-16 21:38:15', '2020-05-16 21:38:15', '2021-05-16 15:38:15'),
('db8e0a11a755200acc522f2471d383f65b30d57b41e040cb4e18508cbc7298fafb6d805762b59289', 153, 1, 'authToken', '[]', 0, '2020-05-26 14:57:40', '2020-05-26 14:57:40', '2021-05-26 08:57:40'),
('dcdd002219c56ad714ff67474fc7b5439ac70e3d2a08a63b786a73b01688741487aa053632330409', 41, 1, 'authToken', '[]', 0, '2020-05-19 03:31:59', '2020-05-19 03:31:59', '2021-05-18 21:31:59'),
('ddb893bfb23cbd494cc1f0d30dd38df21fe00213f8fe63150de79357117e1f28e6708485b6851400', 12, 1, 'authToken', '[]', 0, '2020-05-03 11:06:09', '2020-05-03 11:06:09', '2021-05-03 05:06:09'),
('ddffb3df1fecd54b2fa3acdf1a4dd31cb6ffcd3feb707d9a3cb2ef530a7d6d36978c6626160f9e99', 52, 1, 'authToken', '[]', 0, '2020-05-13 19:21:57', '2020-05-13 19:21:57', '2021-05-13 13:21:57'),
('df13163fd5ebc15b9fcb0941886df7312cffc2b418649ec2eb33b5605d8c8d5906c1eac83092d928', 118, 1, 'authToken', '[]', 0, '2020-05-20 02:35:40', '2020-05-20 02:35:40', '2021-05-19 20:35:40'),
('e001d2a9585b577e9ec669ab7d76812e70de2d12b24031796f4bf542fd763d14d80c3a6c14af15d2', 26, 1, 'authToken', '[]', 0, '2020-05-04 15:09:55', '2020-05-04 15:09:55', '2021-05-04 09:09:55'),
('e04516fd2e3a50b8a3329616e6f880be9e9879bfd73cc9b76fb4af2036222658679f5631c9ab1c67', 60, 1, 'authToken', '[]', 0, '2020-05-16 18:23:53', '2020-05-16 18:23:53', '2021-05-16 12:23:53'),
('e0891ea1ba935f97b9c0a7fbad8f1965a952848f31ec9fbb28816af7a37e632801833a954dec2ff2', 121, 1, 'authToken', '[]', 0, '2020-05-20 16:46:27', '2020-05-20 16:46:27', '2021-05-20 10:46:27'),
('e096ddc330e29555622340055d285ca64f165901307cf5f77916d16fb354596452f6d8ff0c7148f6', 1, 1, 'authToken', '[]', 0, '2020-04-26 14:36:44', '2020-04-26 14:36:44', '2021-04-26 08:36:44'),
('e103b7dda8e6445a610dc08515e57edf3201100362ca3d33585c490e6dd52805398c95e1ed454634', 1, 1, 'authToken', '[]', 0, '2020-04-30 17:36:14', '2020-04-30 17:36:14', '2021-04-30 11:36:14'),
('e12a5823354ba7e55307061e28bae81d66f57a8b682727a50e699a011b2fd11defab166b9445d375', 74, 1, 'authToken', '[]', 0, '2020-05-24 07:57:06', '2020-05-24 07:57:06', '2021-05-24 01:57:06'),
('e2da90b4d15aff8fe5ddc998725eddaea788476786579713e9f499916140c2f922bfecfc6c62983c', 129, 1, 'authToken', '[]', 0, '2020-05-26 15:24:03', '2020-05-26 15:24:03', '2021-05-26 09:24:03'),
('e30cdcfa8264460f1874c4d5fbebe496002ab271072dc3a389dfbc1251883159b9915ef34aa7c5cb', 1, 1, 'authToken', '[]', 0, '2020-04-22 19:49:55', '2020-04-22 19:49:55', '2021-04-22 13:49:55'),
('e459906c512b0fb2b035a6c71b868a3e555146a22d830dedc1bb18757095d5c54024b72cedf0735b', 1, 1, 'authToken', '[]', 0, '2020-04-22 20:20:49', '2020-04-22 20:20:49', '2021-04-22 14:20:49'),
('e4675c85ff081eb4d168dde77fbe05e0e6d6886f8a6efd3cfb29720bd0b5283a56455d6bc1f12ac5', 12, 1, 'authToken', '[]', 0, '2020-05-19 18:47:13', '2020-05-19 18:47:13', '2021-05-19 12:47:13'),
('e4b7a3b1dbe96ad4e25b58556cf2658f21c19f4d042c1c8e138608444c03e832a4aec8e288d7c306', 12, 1, 'authToken', '[]', 0, '2020-05-13 14:58:15', '2020-05-13 14:58:15', '2021-05-13 08:58:15'),
('e541f083c3bc2d558c12c9f3b7570ac3b4d52378e4e1fe63e04ee7a1a58824476e9afc7f1df731d5', 41, 1, 'authToken', '[]', 0, '2020-05-19 13:58:37', '2020-05-19 13:58:37', '2021-05-19 07:58:37'),
('e56e44b38ff3c9a9b7b1cfdc4df19b8af8c8e87d19228b50ebdce27651160e85c572ec68596044a5', 1, 1, 'authToken', '[]', 0, '2020-04-22 19:16:13', '2020-04-22 19:16:13', '2021-04-22 13:16:13'),
('e60671791e0636d5e6c075a65d6990e594f78f53ee04e3962c004e4ae45dfe0ced64dca9262a329a', 53, 1, 'authToken', '[]', 0, '2020-05-17 04:02:45', '2020-05-17 04:02:45', '2021-05-16 22:02:45'),
('e65c32be35dafdb1a177ba2b4befce10033fbc1c8a773fca1887de5675dfa1c5e740879ba80f08ec', 138, 1, 'authToken', '[]', 0, '2020-05-23 18:12:01', '2020-05-23 18:12:01', '2021-05-23 12:12:01'),
('e69c224f0a3c2df8cbb9ddd587dcd1203c4275503aa0bee55932ebb382b022515b39cc199eb04150', 146, 1, 'authToken', '[]', 0, '2020-05-25 04:47:40', '2020-05-25 04:47:40', '2021-05-24 22:47:40'),
('e6d63604fef99ed1ad4f47e16739a304ff446bb3cd9b96a7b880d7349964b5c35d266bb4fbde67e9', 12, 1, 'authToken', '[]', 0, '2020-05-13 14:17:05', '2020-05-13 14:17:05', '2021-05-13 08:17:05'),
('e6e3524e035ea714a7e6431f434135772794737916b740e770e80585b21028b8690300a606ca14d9', 40, 1, 'authToken', '[]', 0, '2020-05-15 20:23:34', '2020-05-15 20:23:34', '2021-05-15 14:23:34'),
('e7499d4b583d9408f413b6a192317e5a7e2ee7ae6fa6d21b9a129495ba05567750353c81fd01230c', 103, 1, 'authToken', '[]', 0, '2020-05-18 18:54:00', '2020-05-18 18:54:00', '2021-05-18 12:54:00'),
('e828be0508be6138d41015b5150caf07d9dbd950f29b9113c39e05da3c57ae2aff37647fcd058fb6', 12, 1, 'authToken', '[]', 0, '2020-05-17 21:00:09', '2020-05-17 21:00:09', '2021-05-17 15:00:09'),
('e948d2749262ca9dd491c4362a631fa247447cf0e6c72bb6c4645cad66af3378ecd56550acfcfc44', 12, 1, 'authToken', '[]', 0, '2020-05-03 13:47:34', '2020-05-03 13:47:34', '2021-05-03 07:47:34'),
('e9a87aeb46edb70988ef2d7ea121ab75ddacc108b63b9eb3eb561e7d7b1ac03ec80b6f5af5da6524', 41, 1, 'authToken', '[]', 0, '2020-05-18 05:08:53', '2020-05-18 05:08:53', '2021-05-17 23:08:53'),
('e9e0c9059e54b5b0fedcc75efcddbbcdfaeb5745e71f87b1187a74504558082b5685efa0500810b1', 1, 1, 'authToken', '[]', 0, '2020-04-22 19:55:45', '2020-04-22 19:55:45', '2021-04-22 13:55:45'),
('eac4b4d055396ccad02d4122a91f360656676100514c59159308df262605b1385ed743476098a5b1', 113, 1, 'authToken', '[]', 0, '2020-05-19 17:18:24', '2020-05-19 17:18:24', '2021-05-19 11:18:24'),
('ed0120cae4951ac2318f3c95f7459e3bf5a7986a7b70be695f58c2d7f80daab561c9d61b66e158f4', 139, 1, 'authToken', '[]', 0, '2020-05-23 19:04:06', '2020-05-23 19:04:06', '2021-05-23 13:04:06'),
('ed19823dd3257861ac2e470357039aadd972ed27ef636cef12c3a2daea7649eb80556670e6e2e8aa', 40, 1, 'authToken', '[]', 0, '2020-05-12 14:28:53', '2020-05-12 14:28:53', '2021-05-12 08:28:53'),
('ee2c10960e8c6258ab7a8449e5814d4a55f5650f8d9f589e7c148f86afd91d242ed9760c2c067aaa', 155, 1, 'authToken', '[]', 0, '2020-05-26 15:11:49', '2020-05-26 15:11:49', '2021-05-26 09:11:49'),
('eeb2bab637c0f1a14080ed89771af72bd799d8353dc0c6e549b15af80daae9bece2979b5ac4b5daa', 114, 1, 'authToken', '[]', 0, '2020-05-19 18:14:58', '2020-05-19 18:14:58', '2021-05-19 12:14:58'),
('eebb99e4229e6ac5e90e1adc731901c2001c76824112886c24a5d3d6bd33a069523948ba360ecceb', 1, 1, 'authToken', '[]', 0, '2020-05-21 05:29:19', '2020-05-21 05:29:19', '2021-05-20 23:29:19'),
('eefff3b95ed715208d48e04186b02b0254542d3e4b76b5e97153cec30ad439338266db9e64df59cd', 113, 1, 'authToken', '[]', 0, '2020-05-19 19:52:09', '2020-05-19 19:52:09', '2021-05-19 13:52:09'),
('ef7cec4b256a32a5c83730d6deffd86a4cc5b52913eec2a8d7083b25897ada0c71cb38776186a082', 119, 1, 'authToken', '[]', 0, '2020-05-20 02:38:27', '2020-05-20 02:38:27', '2021-05-19 20:38:27'),
('efa3c81d176a2a8aa06f9d5cf03485fce543483b1317910021c9f994611663ac9de067c7526b77cb', 12, 1, 'authToken', '[]', 0, '2020-04-27 15:29:16', '2020-04-27 15:29:16', '2021-04-27 09:29:16'),
('f0755efbb5e56738b4d99ea69f74f9072ddaa969ebe5913f005f847a13f8eea48e2bfb3fd12f597a', 12, 1, 'authToken', '[]', 0, '2020-05-13 18:11:29', '2020-05-13 18:11:29', '2021-05-13 12:11:29'),
('f0851979f79cc529e4d2c2059224a1eae5be36ff6a35323643c200d354405ae82cbc256376161c23', 1, 1, 'authToken', '[]', 0, '2020-04-26 15:14:28', '2020-04-26 15:14:28', '2021-04-26 09:14:28'),
('f0e38838dad7a8c854ad5495e79024171464f914d420543f830ef6c5e9f9d40b86c6e1dfa3c86151', 40, 1, 'authToken', '[]', 0, '2020-05-19 18:31:40', '2020-05-19 18:31:40', '2021-05-19 12:31:40'),
('f182eb7fae46faeb304b5085c660266c0bd25ed8cd0e2f8a2bad9c293f14496d98cb3416ca8f14fd', 12, 1, 'authToken', '[]', 0, '2020-04-28 08:27:12', '2020-04-28 08:27:12', '2021-04-28 02:27:12'),
('f193775b444835359a1097acafe255064bf9e133d755106c53cc4d6b8e8a3cf1e79c89568b2fb212', 41, 1, 'authToken', '[]', 0, '2020-05-19 04:04:52', '2020-05-19 04:04:52', '2021-05-18 22:04:52'),
('f1f077a97c5581df8fc681369197ce3d1e7dda55e0408da90660b888d8d91ea95cad604aab4cc9e7', 12, 1, 'authToken', '[]', 0, '2020-04-28 14:14:06', '2020-04-28 14:14:06', '2021-04-28 08:14:06'),
('f2ccaac18d11d02c12fb4455dec3dcc6087458983c57c59aa6e7f3705af9f28761654f8740b342ff', 104, 1, 'authToken', '[]', 0, '2020-05-18 20:02:58', '2020-05-18 20:02:58', '2021-05-18 14:02:58'),
('f3885dbf62e814d9db7f036e77a5918b1a8308f3921b5bcbb9d648503205692982e9658e53d4771e', 140, 1, 'authToken', '[]', 0, '2020-05-23 19:06:58', '2020-05-23 19:06:58', '2021-05-23 13:06:58'),
('f39d3e5caf7f9ef35c91bbe7933000942a74ca09778583fb972a6008e80682afb90d6a7639943e3c', 168, 1, 'authToken', '[]', 0, '2020-05-26 22:18:07', '2020-05-26 22:18:07', '2021-05-26 16:18:07'),
('f44c87ec5cf39a75b0fc9c47c32023fa1397a073901910d7ebca17582fb03495d43dd1d0a03d0f61', 12, 1, 'authToken', '[]', 0, '2020-05-19 18:39:34', '2020-05-19 18:39:34', '2021-05-19 12:39:34'),
('f581e90052b81f18abd426010c2ddf2921dbeb6e0e8c08191da095dee5a598607c8652a29eeaa62b', 1, 1, 'authToken', '[]', 0, '2020-04-22 19:55:31', '2020-04-22 19:55:31', '2021-04-22 13:55:31'),
('f5a81523cb259747607afbaa0ef60b4754030128fc02562611d7cd149084b5b4624df4f24274ca00', 1, 1, 'authToken', '[]', 0, '2020-04-27 13:40:18', '2020-04-27 13:40:18', '2021-04-27 07:40:18'),
('f61a176c68e87d74b2c37d26aa39671c7b81d2308218429e16777f2353e70bfa640ffb1d94b9c96c', 12, 1, 'authToken', '[]', 0, '2020-05-13 15:35:44', '2020-05-13 15:35:44', '2021-05-13 09:35:44'),
('f61a9ed2c96e87bdb36e63ecb8e49222e2f3f79274b77648e205a99ea23ded3d1d950d3a81ba140c', 12, 1, 'authToken', '[]', 0, '2020-04-27 16:16:29', '2020-04-27 16:16:29', '2021-04-27 10:16:29'),
('f73a7c5145faf70e0035fd317c9b26c56e3b7ed9b474f2b3674f54afe943ed04191a3f20b138bf01', 12, 1, 'authToken', '[]', 0, '2020-05-23 21:38:31', '2020-05-23 21:38:31', '2021-05-23 15:38:31'),
('f77ce4d9cd0c897fb307f1dab2b41800f008f15e7fb0d25f462b77c0c507145eb656ef769fffd640', 40, 1, 'authToken', '[]', 0, '2020-05-15 20:01:06', '2020-05-15 20:01:06', '2021-05-15 14:01:06'),
('f92175d4b52db7b0f2390dd7f7e1058d6ed001ade2fb5657dd9b8479c3a2a4c674f8e8215a71dc1f', 37, 1, 'authToken', '[]', 0, '2020-05-10 01:57:20', '2020-05-10 01:57:20', '2021-05-09 19:57:20'),
('f9b532ffff52e7e64a003715e32eb684de2559d058db7109f5defd7efe9e4702c9f0a0e4ecc5c560', 20, 1, 'authToken', '[]', 0, '2020-05-04 01:40:58', '2020-05-04 01:40:58', '2021-05-03 19:40:58'),
('fa7085fbb34fb9ed9efb0fbf2d7c484649ea6d824ab84589ba1733f1ec71a04fb3b1e4af36b54fb3', 12, 1, 'authToken', '[]', 0, '2020-05-19 01:49:42', '2020-05-19 01:49:42', '2021-05-18 19:49:42'),
('fae0172648a43ed1209908408a8c595fd24f323e5cb8ea954514737ebf25d6a5a637ca1d5ba78811', 100, 1, 'authToken', '[]', 0, '2020-05-18 15:56:06', '2020-05-18 15:56:06', '2021-05-18 09:56:06'),
('fb3c7277a45ad32f79de98d8d916b55777ff765179b2759594fbfe635c5954f3061bcbfc9a0602be', 1, 1, 'authToken', '[]', 0, '2020-04-22 20:19:29', '2020-04-22 20:19:29', '2021-04-22 14:19:29'),
('fb9f3026c4325d047551b59b6a4d268a9916190b7e5525bc82b6a6a38b68642a2b284cd9be6b79dc', 44, 1, 'authToken', '[]', 0, '2020-05-11 15:51:35', '2020-05-11 15:51:35', '2021-05-11 09:51:35'),
('fbdfa16c2fb126e2da6727ae1e187edf9ede1d9fa4c0d570bdcb5e1548c14727ff054f839ee5d017', 41, 1, 'authToken', '[]', 0, '2020-05-18 04:44:56', '2020-05-18 04:44:56', '2021-05-17 22:44:56'),
('fc7a753a255f2e1a8e03d47b5e054cbcac540e7488cc1104f58e7a3fa5ece3ed1706f8b7e784c99d', 12, 1, 'authToken', '[]', 0, '2020-04-26 15:10:27', '2020-04-26 15:10:27', '2021-04-26 09:10:27'),
('fe29b9d2ebfe348f4061e2f88784910b756a5ab6a3ff45f9b48365eb1b9862d429fe3ef997dccb84', 145, 1, 'authToken', '[]', 0, '2020-05-25 04:46:12', '2020-05-25 04:46:12', '2021-05-24 22:46:12'),
('ff3f36b182a2669d10f0644c3db2783f22d3373d79fec69964ac22102b7fe67fc83b25af680c5dca', 26, 1, 'authToken', '[]', 0, '2020-05-04 03:19:01', '2020-05-04 03:19:01', '2021-05-03 21:19:01'),
('ff8e4fc26a6bacca9042637cb567253d90be92f72e3f49f9e4151d8b59ad274e27240fef2765f0e0', 40, 1, 'authToken', '[]', 0, '2020-05-16 19:27:25', '2020-05-16 19:27:25', '2021-05-16 13:27:25'),
('ffc55469114f5e38999bca5864533fe7e5429e50cc49766716ee2ecd1ce1c2c39a357e0fda5bb18d', 56, 1, 'authToken', '[]', 0, '2020-05-15 21:19:15', '2020-05-15 21:19:15', '2021-05-15 15:19:15'),
('ffc62a81f5d2cccf298560be39cc24d5d17bc95ba369bcd6e0c3767738315987af906cc28f4771e8', 12, 1, 'authToken', '[]', 0, '2020-04-28 04:45:15', '2020-04-28 04:45:15', '2021-04-27 22:45:15');

-- --------------------------------------------------------

--
-- Table structure for table `oauth_auth_codes`
--

CREATE TABLE `oauth_auth_codes` (
  `id` varchar(100) COLLATE utf8mb4_unicode_ci NOT NULL,
  `user_id` bigint(20) UNSIGNED NOT NULL,
  `client_id` bigint(20) UNSIGNED NOT NULL,
  `scopes` text COLLATE utf8mb4_unicode_ci,
  `revoked` tinyint(1) NOT NULL,
  `expires_at` datetime DEFAULT NULL
) ENGINE=InnoDB DEFAULT CHARSET=utf8mb4 COLLATE=utf8mb4_unicode_ci;

-- --------------------------------------------------------

--
-- Table structure for table `oauth_clients`
--

CREATE TABLE `oauth_clients` (
  `id` bigint(20) UNSIGNED NOT NULL,
  `user_id` bigint(20) UNSIGNED DEFAULT NULL,
  `name` varchar(255) COLLATE utf8mb4_unicode_ci NOT NULL,
  `secret` varchar(100) COLLATE utf8mb4_unicode_ci DEFAULT NULL,
  `redirect` text COLLATE utf8mb4_unicode_ci NOT NULL,
  `personal_access_client` tinyint(1) NOT NULL,
  `password_client` tinyint(1) NOT NULL,
  `revoked` tinyint(1) NOT NULL,
  `created_at` timestamp NULL DEFAULT NULL,
  `updated_at` timestamp NULL DEFAULT NULL
) ENGINE=InnoDB DEFAULT CHARSET=utf8mb4 COLLATE=utf8mb4_unicode_ci;

--
-- Dumping data for table `oauth_clients`
--

INSERT INTO `oauth_clients` (`id`, `user_id`, `name`, `secret`, `redirect`, `personal_access_client`, `password_client`, `revoked`, `created_at`, `updated_at`) VALUES
(1, NULL, 'Laravel Personal Access Client', '7ixyMCVaSNzNpCphr4BtmWv4oO4QwK7Hdz0IvkOP', 'http://localhost', 1, 0, 0, '2020-04-18 10:49:44', '2020-04-18 10:49:44'),
(2, NULL, 'Laravel Password Grant Client', 'zREbqoKWvtugETdHtykaqY9gjKKQpFu0iyFKpC0q', 'http://localhost', 0, 1, 0, '2020-04-18 10:49:44', '2020-04-18 10:49:44');

-- --------------------------------------------------------

--
-- Table structure for table `oauth_personal_access_clients`
--

CREATE TABLE `oauth_personal_access_clients` (
  `id` bigint(20) UNSIGNED NOT NULL,
  `client_id` bigint(20) UNSIGNED NOT NULL,
  `created_at` timestamp NULL DEFAULT NULL,
  `updated_at` timestamp NULL DEFAULT NULL
) ENGINE=InnoDB DEFAULT CHARSET=utf8mb4 COLLATE=utf8mb4_unicode_ci;

--
-- Dumping data for table `oauth_personal_access_clients`
--

INSERT INTO `oauth_personal_access_clients` (`id`, `client_id`, `created_at`, `updated_at`) VALUES
(1, 1, '2020-04-18 10:49:44', '2020-04-18 10:49:44');

-- --------------------------------------------------------

--
-- Table structure for table `oauth_refresh_tokens`
--

CREATE TABLE `oauth_refresh_tokens` (
  `id` varchar(100) COLLATE utf8mb4_unicode_ci NOT NULL,
  `access_token_id` varchar(100) COLLATE utf8mb4_unicode_ci NOT NULL,
  `revoked` tinyint(1) NOT NULL,
  `expires_at` datetime DEFAULT NULL
) ENGINE=InnoDB DEFAULT CHARSET=utf8mb4 COLLATE=utf8mb4_unicode_ci;

-- --------------------------------------------------------

--
-- Table structure for table `options`
--

CREATE TABLE `options` (
  `option_id` int(11) NOT NULL,
  `user_id` int(11) NOT NULL,
  `created_at` timestamp NOT NULL DEFAULT CURRENT_TIMESTAMP,
  `updated_at` timestamp NULL DEFAULT NULL
) ENGINE=InnoDB DEFAULT CHARSET=utf8mb4 COLLATE=utf8mb4_unicode_ci;

-- --------------------------------------------------------

--
-- Table structure for table `option_description`
--

CREATE TABLE `option_description` (
  `option_description_id` int(11) NOT NULL,
  `option_title` varchar(50) COLLATE utf8mb4_unicode_ci NOT NULL,
  `option_value` varchar(100) COLLATE utf8mb4_unicode_ci NOT NULL,
  `option_id` int(11) NOT NULL,
  `language_id` int(11) NOT NULL,
  `created_at` timestamp NOT NULL DEFAULT CURRENT_TIMESTAMP,
  `updated_at` timestamp NULL DEFAULT NULL
) ENGINE=InnoDB DEFAULT CHARSET=utf8mb4 COLLATE=utf8mb4_unicode_ci;

-- --------------------------------------------------------

--
-- Table structure for table `pages`
--

CREATE TABLE `pages` (
  `page_id` int(11) NOT NULL,
  `created_at` timestamp NOT NULL DEFAULT CURRENT_TIMESTAMP,
  `updated_at` timestamp NULL DEFAULT NULL
) ENGINE=InnoDB DEFAULT CHARSET=utf8;

--
-- Dumping data for table `pages`
--

INSERT INTO `pages` (`page_id`, `created_at`, `updated_at`) VALUES
(1, '2020-03-29 13:10:38', NULL),
(3, '2020-04-12 07:17:04', NULL);

-- --------------------------------------------------------

--
-- Table structure for table `page_description`
--

CREATE TABLE `page_description` (
  `page_description_id` int(11) NOT NULL,
  `page_description_name` varchar(50) NOT NULL,
  `page_description_content` text NOT NULL,
  `page_id` int(11) NOT NULL,
  `language_id` int(11) NOT NULL,
  `created_at` timestamp NOT NULL DEFAULT CURRENT_TIMESTAMP,
  `updated_at` timestamp NULL DEFAULT NULL
) ENGINE=InnoDB DEFAULT CHARSET=utf8;

--
-- Dumping data for table `page_description`
--

INSERT INTO `page_description` (`page_description_id`, `page_description_name`, `page_description_content`, `page_id`, `language_id`, `created_at`, `updated_at`) VALUES
(1, 'Terms and Condition', '<p>Terms and Condition Terms and Condition Terms and Condition Terms and Condition</p>', 1, 1, '2020-03-29 13:11:24', NULL),
(2, 'الشروط والأحكام', '<p>الشروط والأحكام الشروط والأحكام الشروط والأحكام الشروط والأحكام الشروط والأحكام الشروط والأحكام</p>', 1, 2, '2020-03-29 13:11:24', NULL),
(3, 'what we do ?', 'Lorem Ipsum is simply dummy text of the printing and typesetting industry. Lorem Ipsum has been the industry\'s standard dummy text ever since the 1500s, when an unknown printer took a galley of type and scrambled it to make a type specimen book. It has survived not only five centuries, but also the leap into electronic typesetting, remaining essentially unchanged. It was popularised in the 1960s with the release of Letraset sheets containing Lorem Ipsum passages, and more recently with desktop publishing software like Aldus PageMaker including versions of Lorem Ipsum.', 3, 1, '2020-04-12 07:18:53', NULL),
(4, 'ماذا نفعل ؟', 'لوريم إيبسوم(Lorem Ipsum) هو ببساطة نص شكلي (بمعنى أن الغاية هي الشكل وليس المحتوى) ويُستخدم في صناعات المطابع ودور النشر. كان لوريم إيبسوم ولايزال المعيار للنص الشكلي منذ القرن الخامس عشر عندما قامت مطبعة مجهولة برص مجموعة من الأحرف بشكل عشوائي أخذتها من نص، لتكوّن كتيّب بمثابة دليل أو مرجع شكلي لهذه الأحرف. خمسة قرون من الزمن لم تقضي على هذا النص، بل انه حتى صار مستخدماً وبشكله الأصلي في الطباعة والتنضيد الإلكتروني. انتشر بشكل كبير في ستينيّات هذا القرن مع إصدار رقائق \"ليتراسيت\" (Letraset) البلاستيكية تحوي مقاطع من هذا النص، وعاد لينتشر مرة أخرى مؤخراَ مع ظهور برامج النشر الإلكتروني مثل \"ألدوس بايج مايكر\" (Aldus PageMaker) والتي حوت أيضاً على نسخ من نص لوريم إيبسوم.', 3, 2, '2020-04-12 07:18:53', NULL);

-- --------------------------------------------------------

--
-- Table structure for table `rates`
--

CREATE TABLE `rates` (
  `rate_id` int(11) NOT NULL,
  `rate_star` float NOT NULL,
  `rate_content` varchar(100) DEFAULT NULL,
  `user_id` int(11) NOT NULL,
  `type` int(11) NOT NULL,
  `type_id` int(11) NOT NULL,
  `book_id` int(11) NOT NULL,
  `created_at` timestamp NOT NULL DEFAULT CURRENT_TIMESTAMP,
  `updated_at` timestamp NULL DEFAULT NULL
) ENGINE=InnoDB DEFAULT CHARSET=utf8;

--
-- Dumping data for table `rates`
--

INSERT INTO `rates` (`rate_id`, `rate_star`, `rate_content`, `user_id`, `type`, `type_id`, `book_id`, `created_at`, `updated_at`) VALUES
(2, 4, 'very niiiice', 1, 1, 2, 1, '2020-03-31 08:55:51', NULL),
(3, 4, 'very niiiice', 1, 2, 14, 1, '2020-03-31 09:15:27', NULL);

-- --------------------------------------------------------

--
-- Table structure for table `screen_shots`
--

CREATE TABLE `screen_shots` (
  `screen_shot_id` int(11) NOT NULL,
  `screen_image` varchar(255) COLLATE utf8mb4_unicode_ci NOT NULL,
  `status` tinyint(1) NOT NULL DEFAULT '1',
  `created_at` timestamp NOT NULL DEFAULT CURRENT_TIMESTAMP,
  `updated_at` timestamp NULL DEFAULT NULL
) ENGINE=InnoDB DEFAULT CHARSET=utf8mb4 COLLATE=utf8mb4_unicode_ci;

-- --------------------------------------------------------

--
-- Table structure for table `services`
--

CREATE TABLE `services` (
  `service_id` int(11) NOT NULL,
  `status` tinyint(1) NOT NULL DEFAULT '1',
  `created_at` timestamp NOT NULL DEFAULT CURRENT_TIMESTAMP,
  `updated_at` timestamp NULL DEFAULT NULL
) ENGINE=InnoDB DEFAULT CHARSET=utf8mb4 COLLATE=utf8mb4_unicode_ci;

--
-- Dumping data for table `services`
--

INSERT INTO `services` (`service_id`, `status`, `created_at`, `updated_at`) VALUES
(1, 1, '2020-03-28 10:27:34', NULL),
(3, 1, '2020-04-11 13:28:39', NULL),
(4, 1, '2020-04-22 10:34:50', NULL),
(5, 0, '2020-05-16 12:43:45', NULL),
(6, 0, '2020-05-16 13:19:33', NULL),
(7, 0, '2020-05-16 14:18:30', NULL),
(8, 0, '2020-05-16 14:45:57', NULL),
(9, 0, '2020-05-16 14:54:56', NULL),
(10, 0, '2020-05-16 15:38:15', NULL),
(11, 0, '2020-05-16 15:55:21', NULL),
(12, 0, '2020-05-16 16:03:45', NULL),
(13, 0, '2020-05-16 16:04:54', NULL),
(14, 0, '2020-05-16 17:50:13', NULL),
(15, 0, '2020-05-16 18:01:56', NULL),
(16, 0, '2020-05-17 19:41:47', NULL),
(17, 0, '2020-05-18 07:47:11', NULL),
(18, 0, '2020-05-18 07:53:30', NULL),
(19, 0, '2020-05-18 08:12:39', NULL),
(20, 0, '2020-05-18 08:14:45', NULL),
(21, 0, '2020-05-18 08:19:38', NULL),
(22, 0, '2020-05-18 08:29:04', NULL);

-- --------------------------------------------------------

--
-- Table structure for table `service_description`
--

CREATE TABLE `service_description` (
  `service_description_id` int(11) NOT NULL,
  `service_name` varchar(80) COLLATE utf8mb4_unicode_ci NOT NULL,
  `service_id` int(11) NOT NULL,
  `language_id` int(11) NOT NULL,
  `created_at` timestamp NOT NULL DEFAULT CURRENT_TIMESTAMP,
  `updated_at` timestamp NULL DEFAULT NULL
) ENGINE=InnoDB DEFAULT CHARSET=utf8mb4 COLLATE=utf8mb4_unicode_ci;

--
-- Dumping data for table `service_description`
--

INSERT INTO `service_description` (`service_description_id`, `service_name`, `service_id`, `language_id`, `created_at`, `updated_at`) VALUES
(1, 'hiking', 1, 1, '2020-03-28 10:27:56', NULL),
(2, 'هيايكنق', 1, 2, '2020-03-28 10:27:56', NULL),
(5, 'trips', 3, 1, '2020-04-11 13:28:39', NULL),
(6, 'الرحلات', 3, 2, '2020-04-11 13:28:39', NULL),
(7, 'trips', 4, 1, '2020-04-22 10:34:50', NULL),
(8, 'trips', 4, 2, '2020-04-22 10:34:50', NULL),
(9, 'www', 5, 1, '2020-05-16 12:43:45', NULL),
(10, 'www', 5, 2, '2020-05-16 12:43:45', NULL),
(11, '/storage/emulated/0/DCIM/Facebook/FB_IMG_1589593522199.jpg', 6, 1, '2020-05-16 13:19:33', NULL),
(12, '/storage/emulated/0/DCIM/Facebook/FB_IMG_1589593522199.jpg', 6, 2, '2020-05-16 13:19:33', NULL),
(13, '/storage/emulated/0/DCIM/Facebook/FB_IMG_1589394377845.jpg', 7, 1, '2020-05-16 14:18:30', NULL),
(14, '/storage/emulated/0/DCIM/Facebook/FB_IMG_1589394377845.jpg', 7, 2, '2020-05-16 14:18:30', NULL),
(15, '/storage/emulated/0/Pictures/Screenshots/Screenshot_20200516-161733.png', 8, 1, '2020-05-16 14:45:57', NULL),
(16, '/storage/emulated/0/Pictures/Screenshots/Screenshot_20200516-161733.png', 8, 2, '2020-05-16 14:45:57', NULL),
(17, '/storage/emulated/0/Pictures/Screenshots/Screenshot_20200516-161635.png', 9, 1, '2020-05-16 14:54:56', NULL),
(18, '/storage/emulated/0/Pictures/Screenshots/Screenshot_20200516-161635.png', 9, 2, '2020-05-16 14:54:56', NULL),
(19, '/storage/emulated/0/Pictures/Screenshots/Screenshot_20200516-165406.png', 10, 1, '2020-05-16 15:38:15', NULL),
(20, '/storage/emulated/0/Pictures/Screenshots/Screenshot_20200516-165406.png', 10, 2, '2020-05-16 15:38:15', NULL),
(21, 'df', 11, 1, '2020-05-16 15:55:21', NULL),
(22, 'df', 11, 2, '2020-05-16 15:55:21', NULL),
(23, 'werw', 12, 1, '2020-05-16 16:03:45', NULL),
(24, 'werw', 12, 2, '2020-05-16 16:03:45', NULL),
(25, 'cxcvx', 13, 1, '2020-05-16 16:04:54', NULL),
(26, 'cxcvx', 13, 2, '2020-05-16 16:04:54', NULL),
(27, '/storage/emulated/0/Pictures/Screenshots/Screenshot_20200516-134220.jpg', 14, 1, '2020-05-16 17:50:13', NULL),
(28, '/storage/emulated/0/Pictures/Screenshots/Screenshot_20200516-134220.jpg', 14, 2, '2020-05-16 17:50:13', NULL),
(29, 'heheh', 15, 1, '2020-05-16 18:01:56', NULL),
(30, 'heheh', 15, 2, '2020-05-16 18:01:56', NULL),
(31, '/storage/emulated/0/Pictures/Screenshots/Screenshot_20200516-161733.png', 17, 1, '2020-05-18 07:47:11', NULL),
(32, '/storage/emulated/0/Pictures/Screenshots/Screenshot_20200516-161733.png', 17, 2, '2020-05-18 07:47:11', NULL),
(33, '/storage/emulated/0/DCIM/Facebook/FB_IMG_1589711416677.jpg', 18, 1, '2020-05-18 07:53:30', NULL),
(34, '/storage/emulated/0/DCIM/Facebook/FB_IMG_1589711416677.jpg', 18, 2, '2020-05-18 07:53:30', NULL),
(35, 'wwwttrt', 19, 1, '2020-05-18 08:12:39', NULL),
(36, 'wwwttrt', 19, 2, '2020-05-18 08:12:39', NULL),
(37, '/storage/emulated/0/DCIM/Facebook/FB_IMG_1589711416677.jpg', 20, 1, '2020-05-18 08:14:45', NULL),
(38, '/storage/emulated/0/DCIM/Facebook/FB_IMG_1589711416677.jpg', 20, 2, '2020-05-18 08:14:45', NULL),
(39, '/storage/emulated/0/DCIM/Facebook/FB_IMG_1589711416677.jpg', 21, 1, '2020-05-18 08:19:38', NULL),
(40, '/storage/emulated/0/DCIM/Facebook/FB_IMG_1589711416677.jpg', 21, 2, '2020-05-18 08:19:38', NULL),
(41, 'vjjjj', 22, 1, '2020-05-18 08:29:04', NULL),
(42, 'vjjjj', 22, 2, '2020-05-18 08:29:04', NULL);

-- --------------------------------------------------------

--
-- Table structure for table `status`
--

CREATE TABLE `status` (
  `status_id` int(11) NOT NULL,
  `created_at` timestamp NOT NULL DEFAULT CURRENT_TIMESTAMP ON UPDATE CURRENT_TIMESTAMP,
  `updated_at` timestamp NULL DEFAULT NULL
) ENGINE=InnoDB DEFAULT CHARSET=utf8;

--
-- Dumping data for table `status`
--

INSERT INTO `status` (`status_id`, `created_at`, `updated_at`) VALUES
(1, '2019-11-16 10:23:20', NULL),
(2, '2019-11-16 10:23:25', NULL),
(3, '2019-11-16 10:23:30', NULL),
(4, '2020-01-11 11:11:30', NULL);

-- --------------------------------------------------------

--
-- Table structure for table `status_description`
--

CREATE TABLE `status_description` (
  `status_description_id` int(11) NOT NULL,
  `status_name` varchar(50) NOT NULL,
  `status_title` varchar(100) DEFAULT NULL,
  `status_id` int(11) NOT NULL,
  `language_id` int(11) NOT NULL,
  `created_at` timestamp NOT NULL DEFAULT CURRENT_TIMESTAMP ON UPDATE CURRENT_TIMESTAMP,
  `updated_at` timestamp NULL DEFAULT NULL
) ENGINE=InnoDB DEFAULT CHARSET=utf8;

--
-- Dumping data for table `status_description`
--

INSERT INTO `status_description` (`status_description_id`, `status_name`, `status_title`, `status_id`, `language_id`, `created_at`, `updated_at`) VALUES
(1, 'new', NULL, 1, 1, '2019-11-16 10:25:21', NULL),
(2, 'جديد', NULL, 1, 2, '2019-11-16 10:25:21', NULL),
(3, 'accepted', 'Your request has been successfully accepted', 2, 1, '2020-01-11 11:14:10', NULL),
(4, 'مقبول', 'لقد تم قبول طلبك بنجاح', 2, 2, '2020-01-11 11:13:59', NULL),
(5, 'canceled', 'Your request has been denied', 3, 1, '2020-01-11 11:13:53', NULL),
(6, 'مرفوض', 'لقد تم رفض طلبك', 3, 2, '2020-01-11 11:13:39', NULL),
(7, 'finished', 'your order is finished', 4, 1, '2020-01-18 20:40:55', NULL),
(8, 'تم الانتهاء', 'لقد تم الانتهاء من طلبك بنجاح', 4, 2, '2020-01-11 11:13:11', NULL);

-- --------------------------------------------------------

--
-- Table structure for table `subscribes`
--

CREATE TABLE `subscribes` (
  `subscribe_id` int(11) NOT NULL,
  `subscribe_email` varchar(255) COLLATE utf8mb4_unicode_ci NOT NULL,
  `created_at` timestamp NOT NULL DEFAULT CURRENT_TIMESTAMP,
  `updated_at` timestamp NULL DEFAULT NULL
) ENGINE=InnoDB DEFAULT CHARSET=utf8mb4 COLLATE=utf8mb4_unicode_ci;

--
-- Dumping data for table `subscribes`
--

INSERT INTO `subscribes` (`subscribe_id`, `subscribe_email`, `created_at`, `updated_at`) VALUES
(2, 'hassan.alex26@yahoo.com', '2020-05-12 12:16:10', NULL),
(3, 'hassan.alex26@yahoo.com', '2020-05-12 12:24:07', NULL),
(4, 'hassan.alex26@yahoo.com', '2020-05-13 13:39:08', NULL),
(5, 'hassan.alex26@yahoo.com', '2020-05-13 13:57:34', NULL),
(6, 'hassan.alex26@yahoo.com', '2020-05-13 13:58:57', NULL),
(7, 'hassan.alex26@yahoo.com', '2020-05-13 14:19:38', NULL),
(8, 'hassan.alex26@yahoo.com', '2020-05-13 14:19:48', NULL),
(9, 'hassan.alex26@yahoo.com', '2020-05-13 15:02:18', NULL),
(10, 'hassan.alex26@yahoo.com', '2020-05-13 15:04:09', NULL),
(11, 'hassan.alex26@yahoo.com', '2020-05-15 15:53:26', NULL),
(12, 'hassan.alex26@yahoo.com', '2020-05-15 22:39:19', NULL),
(13, 'hassan.alex26@yahoo.com', '2020-05-16 08:51:39', NULL),
(14, 'hassan.alex26@yahoo.com', '2020-05-16 09:44:30', NULL),
(15, 'hassan.alex26@yahoo.com', '2020-05-16 13:56:26', NULL),
(16, 'hassan.alex26@yahoo.com', '2020-05-16 14:30:23', NULL),
(17, 'hassan.alex26@yahoo.com', '2020-05-16 14:54:15', NULL),
(18, 'hassan.alex26@yahoo.com', '2020-05-16 17:45:14', NULL),
(19, 'hassan.alex26@yahoo.com', '2020-05-16 19:40:50', NULL),
(20, 'hassan.alex26@yahoo.com', '2020-05-17 21:56:26', NULL),
(21, 'hassan.alex26@yahoo.com', '2020-05-18 11:51:39', NULL),
(22, 'hassan.alex26@yahoo.com', '2020-05-18 14:10:02', NULL),
(23, 'hassan.alex26@yahoo.com', '2020-05-18 21:39:25', NULL),
(24, 'hassan.alex26@yahoo.com', '2020-05-18 21:39:28', NULL),
(25, 'hassan.alex26@yahoo.com', '2020-05-18 21:50:36', NULL),
(26, 'hassan.alex26@yahoo.com', '2020-05-19 20:28:20', NULL),
(27, 'hassan.alex26@yahoo.com', '2020-05-23 12:23:25', NULL),
(28, 'hassan.alex26@yahoo.com', '2020-05-26 08:42:35', NULL),
(29, 'hassan.alex26@yahoo.com', '2020-05-26 08:55:04', NULL),
(30, 'hassan.alex26@yahoo.com', '2020-05-26 11:03:28', NULL),
(31, 'hassan.alex26@yahoo.com', '2020-05-26 11:26:59', NULL),
(32, 'hassan.alex26@yahoo.com', '2020-05-26 13:28:08', NULL),
(33, 'hassan.alex26@yahoo.com', '2020-05-26 15:21:56', NULL),
(34, 'hassan.alex26@yahoo.com', '2020-05-27 11:48:37', NULL),
(35, 'hassan.alex26@yahoo.com', '2020-05-27 11:48:40', NULL),
(36, 'hassan.alex26@yahoo.com', '2020-05-27 11:48:51', NULL),
(37, 'hassan.alex26@yahoo.com', '2020-05-27 11:49:43', NULL),
(38, 'hassan.alex26@yahoo.com', '2020-05-27 11:49:49', NULL),
(39, 'hassan.alex26@yahoo.com', '2020-05-27 11:49:52', NULL);

-- --------------------------------------------------------

--
-- Table structure for table `trips`
--

CREATE TABLE `trips` (
  `trip_id` int(11) NOT NULL,
  `user_id` int(11) NOT NULL,
  `category_id` int(11) NOT NULL,
  `trip_price` int(11) NOT NULL,
  `trip_discount` int(11) DEFAULT NULL,
  `trip_date` date NOT NULL,
  `trip_time_from` time NOT NULL,
  `trip_time_to` time NOT NULL,
  `trip_child_percent` int(11) DEFAULT NULL,
  `created_at` timestamp NOT NULL DEFAULT CURRENT_TIMESTAMP,
  `updated_at` timestamp NULL DEFAULT NULL
) ENGINE=InnoDB DEFAULT CHARSET=utf8mb4 COLLATE=utf8mb4_unicode_ci;

--
-- Dumping data for table `trips`
--

INSERT INTO `trips` (`trip_id`, `user_id`, `category_id`, `trip_price`, `trip_discount`, `trip_date`, `trip_time_from`, `trip_time_to`, `trip_child_percent`, `created_at`, `updated_at`) VALUES
(14, 2, 1, 20, 100, '2020-03-30', '12:19:48', '20:19:48', 20, '2020-03-30 11:12:36', NULL),
(15, 2, 1, 30, 200, '2020-04-10', '12:19:48', '20:19:48', 25, '2020-04-11 13:11:43', NULL);

-- --------------------------------------------------------

--
-- Table structure for table `trip_description`
--

CREATE TABLE `trip_description` (
  `trip_description_id` int(11) NOT NULL,
  `trip_title` varchar(80) COLLATE utf8mb4_unicode_ci NOT NULL,
  `trip_description` varchar(150) COLLATE utf8mb4_unicode_ci NOT NULL,
  `trip_id` int(11) NOT NULL,
  `language_id` int(11) NOT NULL,
  `created_at` timestamp NOT NULL DEFAULT CURRENT_TIMESTAMP,
  `updated_at` timestamp NULL DEFAULT NULL
) ENGINE=InnoDB DEFAULT CHARSET=utf8mb4 COLLATE=utf8mb4_unicode_ci;

--
-- Dumping data for table `trip_description`
--

INSERT INTO `trip_description` (`trip_description_id`, `trip_title`, `trip_description`, `trip_id`, `language_id`, `created_at`, `updated_at`) VALUES
(26, 'test', 'testing testing', 14, 1, '2020-03-30 11:12:36', NULL),
(27, 'أختبار', 'اختبار اختار', 14, 2, '2020-03-30 11:12:36', NULL),
(28, 'test 2', 'testing testing 2', 15, 1, '2020-04-11 13:11:43', NULL),
(29, 'اختبار 2', 'testing testing 2', 15, 2, '2020-04-11 13:11:43', NULL);

-- --------------------------------------------------------

--
-- Table structure for table `trip_image`
--

CREATE TABLE `trip_image` (
  `trip_image_id` int(11) NOT NULL,
  `trip_image` varchar(255) COLLATE utf8mb4_unicode_ci NOT NULL,
  `trip_id` int(11) NOT NULL,
  `created_at` timestamp NOT NULL DEFAULT CURRENT_TIMESTAMP,
  `updated_at` timestamp NULL DEFAULT NULL
) ENGINE=InnoDB DEFAULT CHARSET=utf8mb4 COLLATE=utf8mb4_unicode_ci;

--
-- Dumping data for table `trip_image`
--

INSERT INTO `trip_image` (`trip_image_id`, `trip_image`, `trip_id`, `created_at`, `updated_at`) VALUES
(7, 'images/trips/trip_bcodfuS19K6jIUeM4VOhKMP6cbCcCYiQR7gnkNVcl4JkkhkUtStWguubI64g.jpg', 14, '2020-03-30 11:12:36', NULL),
(8, 'images/trips/trip_2ywfOW1G2VCeqPhlgMld3SJMKbmBCfQOb4WSFUssYoec7L5pUkWpAgsgOapa.jpg', 14, '2020-03-30 11:12:36', NULL),
(9, 'images/trips/trip_zZmTYKic08rLrBwL4VedJXz7roHyZGBnfFfL3j82hUtMFlcNc0EqQXGEcI66.jpg', 15, '2020-04-11 13:11:43', NULL),
(10, 'images/trips/trip_GwFSZAdxNlO64Nmd8vzPeBJ0FTSDQTMoSV9trpEaEXqr9aTTDTW7n9kopF82.jpg', 15, '2020-04-11 13:11:43', NULL);

-- --------------------------------------------------------

--
-- Table structure for table `trip_information`
--

CREATE TABLE `trip_information` (
  `trip_information_id` int(11) NOT NULL,
  `trip_id` int(11) NOT NULL,
  `created_at` timestamp NOT NULL DEFAULT CURRENT_TIMESTAMP,
  `updated_at` timestamp NULL DEFAULT NULL
) ENGINE=InnoDB DEFAULT CHARSET=utf8mb4 COLLATE=utf8mb4_unicode_ci;

--
-- Dumping data for table `trip_information`
--

INSERT INTO `trip_information` (`trip_information_id`, `trip_id`, `created_at`, `updated_at`) VALUES
(8, 14, '2020-03-30 11:12:36', NULL),
(9, 14, '2020-03-30 11:12:36', NULL),
(10, 15, '2020-04-11 13:11:43', NULL),
(11, 15, '2020-04-11 13:11:43', NULL);

-- --------------------------------------------------------

--
-- Table structure for table `trip_information_description`
--

CREATE TABLE `trip_information_description` (
  `trip_information_description_id` int(11) NOT NULL,
  `trip_information_title` varchar(50) COLLATE utf8mb4_unicode_ci NOT NULL,
  `trip_information_value` varchar(100) COLLATE utf8mb4_unicode_ci NOT NULL,
  `trip_information_id` int(11) NOT NULL,
  `language_id` int(11) NOT NULL,
  `created_at` timestamp NOT NULL DEFAULT CURRENT_TIMESTAMP,
  `updated_at` timestamp NULL DEFAULT NULL
) ENGINE=InnoDB DEFAULT CHARSET=utf8mb4 COLLATE=utf8mb4_unicode_ci;

--
-- Dumping data for table `trip_information_description`
--

INSERT INTO `trip_information_description` (`trip_information_description_id`, `trip_information_title`, `trip_information_value`, `trip_information_id`, `language_id`, `created_at`, `updated_at`) VALUES
(11, 'duration', '5 hours', 8, 1, '2020-03-30 11:12:36', NULL),
(12, 'المده', 'خمس ساعات', 8, 2, '2020-03-30 11:12:36', NULL),
(13, 'Bus', 'Chevorlet', 9, 1, '2020-03-30 11:12:36', NULL),
(14, 'اتوبيس', 'تشيفروليت', 9, 2, '2020-03-30 11:12:36', NULL),
(15, 'duration', '3 hours', 10, 1, '2020-04-11 13:11:43', NULL),
(16, 'duration', '3 hours', 10, 2, '2020-04-11 13:11:43', NULL),
(17, 'Bus', 'Chevorlet', 11, 1, '2020-04-11 13:11:43', NULL),
(18, 'اتوبيس', 'Chevorlet', 11, 2, '2020-04-11 13:11:43', NULL);

-- --------------------------------------------------------

--
-- Table structure for table `users`
--

CREATE TABLE `users` (
  `id` int(11) NOT NULL,
  `name` varchar(100) NOT NULL,
  `phone` varchar(15) NOT NULL,
  `email` varchar(255) NOT NULL,
  `image` varchar(255) DEFAULT NULL,
  `gender` enum('male','female') DEFAULT NULL,
  `password` varchar(255) NOT NULL,
  `birth_of_date` date DEFAULT NULL,
  `country_id` int(11) NOT NULL,
  `city_id` int(11) NOT NULL,
  `type` int(11) NOT NULL,
  `nationality_id` int(11) DEFAULT NULL,
  `national_identity` varchar(20) DEFAULT NULL,
  `front_national_identity_image` varchar(255) DEFAULT NULL,
  `back_national_identity_image` varchar(255) DEFAULT NULL,
  `front_car_image` varchar(255) DEFAULT NULL,
  `back_car_image` varchar(255) DEFAULT NULL,
  `service_id` int(11) DEFAULT NULL,
  `attach_field_image` varchar(255) DEFAULT NULL,
  `price` int(11) DEFAULT NULL,
  `description` text,
  `company_location` text,
  `commercial_registration_no_image` varchar(255) DEFAULT NULL,
  `contact_name` varchar(80) DEFAULT NULL,
  `contact_email` varchar(100) DEFAULT NULL,
  `contact_phone` varchar(15) DEFAULT NULL,
  `wallet` int(11) DEFAULT '0',
  `api_token` varchar(255) DEFAULT NULL,
  `token` text,
  `is_join` tinyint(1) DEFAULT '0',
  `active` tinyint(1) NOT NULL DEFAULT '1',
  `default_language` int(11) NOT NULL DEFAULT '1',
  `created_at` timestamp NOT NULL DEFAULT CURRENT_TIMESTAMP ON UPDATE CURRENT_TIMESTAMP,
  `updated_at` timestamp NULL DEFAULT NULL
) ENGINE=InnoDB DEFAULT CHARSET=utf8;

--
-- Dumping data for table `users`
--

INSERT INTO `users` (`id`, `name`, `phone`, `email`, `image`, `gender`, `password`, `birth_of_date`, `country_id`, `city_id`, `type`, `nationality_id`, `national_identity`, `front_national_identity_image`, `back_national_identity_image`, `front_car_image`, `back_car_image`, `service_id`, `attach_field_image`, `price`, `description`, `company_location`, `commercial_registration_no_image`, `contact_name`, `contact_email`, `contact_phone`, `wallet`, `api_token`, `token`, `is_join`, `active`, `default_language`, `created_at`, `updated_at`) VALUES
(1, 'Hassan Gamal', '01272252219', 'hassan.alex26@yahoo.com', 'images/user/pic_tThNFhajpajhPhcZkF9dsXdEqc5KCd18Tm4AII7MV5CZNMWEc62E9HmLXaVW.jpg', 'male', '$2y$10$iFWvluaJkksQb5Myb9bnpeyM27OKDdLhXsY5JqTVDJH0E8LdQAbIi', '1996-10-31', 1, 4, 1, NULL, NULL, NULL, NULL, NULL, NULL, NULL, NULL, NULL, NULL, NULL, NULL, NULL, NULL, NULL, 0, NULL, NULL, 0, 1, 1, '2020-05-19 14:55:55', NULL),
(2, 'Hassan Gamal', '01272252218', 'hassan.alex27@yahoo.com', 'images/user/guide/pic_X9gdW6T6ia9LN4HVqiRwYtKu7dA5549Z7top0UGkRXTcccazGXP0zQeex4Ir.jpg', 'male', '$2y$10$lKZSwJ9E93nixboGvZQVcOmBwphxYDiJ4PBD8H8LXlb/ytmjkZsZe', '1996-10-31', 1, 3, 2, 1, '123456789', 'images/user/guide/identity/pic_ER5tvLyEWQa6cxD5fPUhqrFw0VUAFFcfkggxV12r8ulLSdFEXLTqzXRoK6L7.jpg', 'images/user/guide/identity/pic_G7Vro89hjLJhFy8r7xi9C2t579exZerNrVdsdDi0qr2IVSfz7XleseUqVjN8.jpg', NULL, NULL, 1, 'images/user/guide/attach/pic_9mDCAOYfKlJWqK4gZeX4mkOxFpilTnmgt30r3zqlLB2h5In1C70yKQhX2UcE.jpg', 50, 'how are you ?', NULL, NULL, NULL, NULL, NULL, 0, NULL, NULL, 0, 1, 1, '2020-05-20 08:17:38', NULL),
(3, 'Hassan Gamal Mohamed', '01272252217', 'hassan.alex28@yahoo.com', 'images/user/company/pic_al5xxqlYbqav14PXiFstsJmpd7ryTAmA4MhtJAIrhMsrSy0qEmAymmz17c0Z.jpg', 'male', '$2y$10$VW3kCGvW0sTYVmo2PAl3eu0Hlm.8a4uD93cowxBsEVjYrZXzDd7YS', '1996-10-31', 1, 3, 3, NULL, NULL, NULL, NULL, NULL, NULL, NULL, NULL, NULL, NULL, 'st,tss,st', 'images/user/company/registration/pic_VlNYGrvnFhfFCsRNVz0xOntHuIVtwihNVz4HuPoSBB6gzG2aUUmk6jQIDLSn.jpg', 'company', 'email@email.com', '01255255225', 0, NULL, NULL, 1, 1, 1, '2020-05-20 11:35:58', NULL),
(8, 'Hassan Gamal', '012722522182', 'hassan.alex227@yahoo.com', 'images/user/avatar_user.png', 'male', '$2y$10$I/syQrZWZFm6e0uC.2mTXuDa5CsGWRKpZ28s80NsQ2KJYxBS0tJTO', '1996-10-31', 1, 3, 2, 1, '123456789', 'images/user/guide/identity/pic_A3VGvVhnSGKsjcXGoPy8QSLfI2oN3qgIwBE4a7AGUhXkpEa3oMnvm4Qb6OcB.jpg', 'images/user/guide/identity/pic_8pwd8yXtBZMDBSegMd7I7XoOGZE0DVJIZvO3KXLxLk2sQjLjnJBeiKS10M6R.jpg', NULL, NULL, 3, 'images/user/guide/attach/pic_RpRv1DGNu8PuPI9TkoNU3y0LNoE5nFV5NKzyzlE0H9Eu8xahyHYbx3z8XXOb.jpg', 20, NULL, NULL, NULL, NULL, NULL, NULL, 0, NULL, NULL, 1, 1, 1, '2020-05-03 09:42:09', NULL),
(10, 'Emad', '01272252251', 'emadw@yahoo.com', 'images/user/avatar_user.png', 'male', '$2y$10$tZ8CLZmoVoNjvb1ITHw/4.QJZ5F6L6MW6LJ3OaHgPtnUjRejtuv8i', '1996-10-31', 1, 3, 1, NULL, NULL, NULL, NULL, NULL, NULL, NULL, NULL, NULL, NULL, NULL, NULL, NULL, NULL, NULL, 0, NULL, NULL, 0, 1, 1, '2020-04-19 08:52:11', NULL),
(11, 'Hassan Gamal', '012722522183', 'hassan.alex2277@yahoo.com', 'images/user/avatar_user.png', 'male', '$2y$10$YDMsK.4QHchkdfPbSqd1zulrguHhVTtbn9e2JRzub3W4ZoV1A/IXC', '1996-10-31', 1, 3, 2, 1, '123456789', 'images/user/guide/identity/pic_5GcupRQwzpktQpvAjeb87mzowveF93nIotI53UyGaNqJdr773XwogwJwxJSh.jpg', 'images/user/guide/identity/pic_5H4XtExcDuKkAHnFN3q9m5Qwdu2kqkQEMtyjEPPerecWh6kH8GZssQAaYHCl.jpg', NULL, NULL, 4, 'images/user/guide/attach/pic_605IXxyI5lLxy6XNVYiYSdhZ7pD00Fp1gPUAmH8kBSDUFyQoQ4I3eA0jFRVn.jpg', 20, NULL, NULL, NULL, NULL, NULL, NULL, 0, NULL, NULL, 0, 1, 1, '2020-04-22 10:34:50', NULL),
(12, 'Samar Ahmed', '01284300546', 'saamar@yahoo.com', 'images/user/pic_3qz1ALLfLvQ9tCphaUDTAqHQb55Wq1ihbblEIj1zkb1SNJ49lu5bUv4D8kP7.jpg', 'female', '$2y$10$ItLkRoTpLuO9TzBoP5FsQeGyHTY0FidiGgG5M2RjXulPSpMfbvxu6', '1996-10-31', 4, 29, 1, NULL, NULL, NULL, NULL, NULL, NULL, NULL, NULL, NULL, NULL, NULL, NULL, NULL, NULL, NULL, 0, NULL, NULL, 0, 1, 1, '2020-05-19 21:56:40', NULL),
(13, 'Mohamed Ahmed', '01272252220', 'mh@yahoo.com', 'images/user/avatar_user.png', 'female', '$2y$10$H4oZo1g0dB5vPDugAQlVKudTlrZFjGpQcgvLdWZK58yLWa0YBngA2', '1996-10-31', 1, 3, 1, NULL, NULL, NULL, NULL, NULL, NULL, NULL, NULL, NULL, NULL, NULL, NULL, NULL, NULL, NULL, 0, NULL, NULL, 0, 1, 1, '2020-05-03 08:45:46', NULL),
(14, 'wgdgg', '01229104844', 'dgdd@fhg.com', 'images/user/avatar_user.png', 'male', '$2y$10$Vcve4oco4Lj04XEt53EHce5gVxaDex4fkZsC1mzMYe3g0MF4x3/s.', '2000-04-05', 1, 3, 1, NULL, NULL, NULL, NULL, NULL, NULL, NULL, NULL, NULL, NULL, NULL, NULL, NULL, NULL, NULL, 0, NULL, NULL, 0, 1, 1, '2020-05-03 10:07:17', NULL),
(15, 'sfgc', '01229104544', 'dfg@gfg.com', 'images/user/avatar_user.png', 'male', '$2y$10$LR3G0nKxcmBxPi8pmnrfuel5wiYY2xIXVZxbVlX1yk452RMViJbbu', '2000-06-01', 1, 3, 1, NULL, NULL, NULL, NULL, NULL, NULL, NULL, NULL, NULL, NULL, NULL, NULL, NULL, NULL, NULL, 0, NULL, NULL, 0, 1, 1, '2020-05-03 10:09:15', NULL),
(16, 'test', '123', 't@t.com', 'images/user/avatar_user.png', 'male', '$2y$10$79a6a/2wAT2A6pApbu1BgOsi4h7y.GxG0MaLIq/oVYJ6c0ZU8F.q6', '2020-05-13', 1, 1, 1, NULL, NULL, NULL, NULL, NULL, NULL, NULL, NULL, NULL, NULL, NULL, NULL, NULL, NULL, NULL, 0, NULL, NULL, 0, 1, 1, '2020-05-03 19:26:26', NULL),
(17, 'Samar', '456', 'samar@gmail.com', 'images/user/avatar_user.png', 'female', '$2y$10$Y.kHq7iOcKoZ7zz.DcMJEeYbmNrWaOTJsrgEipv2XKVqvqtf2p462', '2020-05-21', 2, 2, 1, NULL, NULL, NULL, NULL, NULL, NULL, NULL, NULL, NULL, NULL, NULL, NULL, NULL, NULL, NULL, 0, NULL, NULL, 0, 1, 1, '2020-05-03 19:30:31', NULL),
(18, 'samar', '12345', 'samar@g.com', 'images/user/avatar_user.png', 'female', '$2y$10$xQXlF93RIGQEyEc11mSLcu7n0bqyjn3nHkDDocGzugegByTtZfpRC', '2020-05-19', 2, 2, 1, NULL, NULL, NULL, NULL, NULL, NULL, NULL, NULL, NULL, NULL, NULL, NULL, NULL, NULL, NULL, 0, NULL, NULL, 0, 1, 1, '2020-05-03 19:32:54', NULL),
(19, 'samar', '123456', 's@g.com', 'images/user/avatar_user.png', 'female', '$2y$10$npHjgAG8KSub5V80rbyKZuWbCYCVSrLfg.U8AEdMzjAMktAF/b2SG', '2020-05-12', 2, 2, 1, NULL, NULL, NULL, NULL, NULL, NULL, NULL, NULL, NULL, NULL, NULL, NULL, NULL, NULL, NULL, 0, NULL, NULL, 0, 1, 1, '2020-05-03 19:35:03', NULL),
(20, 'samar', '1234567', 'a@g.com', 'images/user/avatar_user.png', 'female', '$2y$10$ePDxRqrh41KVBJ217wi3g.6zACZrL6tARRtmQPMMz.9/ObsWCa5Bq', '2020-05-06', 2, 2, 1, NULL, NULL, NULL, NULL, NULL, NULL, NULL, NULL, NULL, NULL, NULL, NULL, NULL, NULL, NULL, 0, NULL, NULL, 0, 1, 1, '2020-05-03 19:40:58', NULL),
(21, 'test', '12345456', 't@k.com', 'images/user/avatar_user.png', 'female', '$2y$10$NF93X.UvgWlsKOTp6.Q8lepoJnDD7Iw5M9LsD3KyNP49r57GW31TW', '2020-05-13', 2, 2, 1, NULL, NULL, NULL, NULL, NULL, NULL, NULL, NULL, NULL, NULL, NULL, NULL, NULL, NULL, NULL, 0, NULL, NULL, 0, 1, 1, '2020-05-03 19:47:49', NULL),
(22, 'test', '123456578', 'e@h.com', 'images/user/avatar_user.png', 'female', '$2y$10$vlFvwIml1g7jiuSOxOli.uhkNKYkZ38JptNuBobffM5i0EFwVxq4.', '2020-05-13', 2, 2, 1, NULL, NULL, NULL, NULL, NULL, NULL, NULL, NULL, NULL, NULL, NULL, NULL, NULL, NULL, NULL, 0, NULL, NULL, 0, 1, 1, '2020-05-03 19:52:47', NULL),
(23, 'test', '108453', 'T@e.com', 'images/user/avatar_user.png', 'male', '$2y$10$Z5PW85MlVSDBDWoJgTskBeMlK1ePqz66GW3ySvltfNkoj/jVWHv.S', '2020-05-05', 1, 1, 1, NULL, NULL, NULL, NULL, NULL, NULL, NULL, NULL, NULL, NULL, NULL, NULL, NULL, NULL, NULL, 0, NULL, NULL, 0, 1, 1, '2020-05-03 19:57:18', NULL),
(24, 'test', '12345678943', 't@d.com', 'images/user/avatar_user.png', 'female', '$2y$10$qKHMwCtZyvlW6MEyr.rmTOD/B1cZiu2lcDqKDnworP4sfiuCTgTj6', '2020-05-19', 2, 2, 1, NULL, NULL, NULL, NULL, NULL, NULL, NULL, NULL, NULL, NULL, NULL, NULL, NULL, NULL, NULL, 0, NULL, NULL, 0, 1, 1, '2020-05-03 20:06:21', NULL),
(25, 'test', '877643876', 'e@k.com', 'images/user/avatar_user.png', 'male', '$2y$10$56FMQXBuWi40.IsN2NgzS.pv0.cLvMlAPpTr/AjFfPxdELETHVbiu', '2020-05-12', 1, 1, 1, NULL, NULL, NULL, NULL, NULL, NULL, NULL, NULL, NULL, NULL, NULL, NULL, NULL, NULL, NULL, 0, NULL, NULL, 0, 1, 1, '2020-05-03 20:11:36', NULL),
(26, 'muhmmed', '01552427312', 'm@m.com', 'images/user/avatar_user.png', 'male', '$2y$10$XbcmAGakYbZuQxBsL4DPzOVJK5MKZmo9jBocXX6XUQyeAe/W49U0e', '2020-05-03', 2, 2, 1, NULL, NULL, NULL, NULL, NULL, NULL, NULL, NULL, NULL, NULL, NULL, NULL, NULL, NULL, NULL, 0, NULL, NULL, 0, 1, 1, '2020-05-08 06:15:02', NULL),
(27, 'kui', '787', 'l@j.com', 'images/user/avatar_user.png', 'male', '$2y$10$ztd2Yajy0LffmsW8WbHJgOX.WnuZHFHBATrTwY/X0D9z5RdkDJmIK', '1996-10-31', 1, 2, 3, NULL, NULL, NULL, NULL, NULL, NULL, NULL, NULL, NULL, NULL, '44 El-Fakharany 532, As Soyouf Bahri, Montaza 2, Alexandria Governorate, Egypt', 'images/user/company/registration/pic_PD29CTUwfyJpi9bxx8BM4BWje6qkB82MUWDWCBCEklNxYtvLew2To3IlGnD5.jpg', 'fgj', 'o@m.com', '656', 0, NULL, NULL, 0, 1, 1, '2020-05-05 12:36:48', NULL),
(28, 'ty', '9876', 't@kjs.com', 'images/user/avatar_user.png', 'male', '$2y$10$ccFfP5GllAJldZAkx2fxHODk0khKpGe9Jv4/e/xX3CmqHuN9f3YbS', '1996-10-31', 1, 2, 3, NULL, NULL, NULL, NULL, NULL, NULL, NULL, NULL, NULL, NULL, '44 El-Fakharany 532, As Soyouf Bahri, Montaza 2, Alexandria Governorate, Egypt', 'images/user/company/registration/pic_2ref9UxLJQhs940iHspidLlvoABqzKyoDslUh4Oa2W4vJcMoxwDGg9epi8tB.jpg', 'erf', 'er@kj.com', '4535', 0, NULL, NULL, 0, 1, 1, '2020-05-05 12:46:46', NULL),
(29, 'Mohand Gamal Mohamed', '012722522178', 'hassan.alex288@yahoo.com', 'images/user/avatar_user.png', 'male', '$2y$10$G2R1JMChVzxGzTvf7DIIeO7k0gOV5r2bNKfmZ4FM1YcNQDcVWmTIm', '1996-10-31', 1, 3, 3, NULL, NULL, NULL, NULL, NULL, NULL, NULL, NULL, NULL, NULL, 'st,tss,st', 'images/user/company/registration/pic_2TxfZ9JnYYUQv2mlPU2OeV9xak2LxF3ZI1zH0WI831Czy758X6TQbuXidilQ.jpg', 'company', 'email@email.com', '01255255225', 0, NULL, NULL, 0, 1, 1, '2020-05-05 12:48:13', NULL),
(30, 'samar', '987654321', 'samar@irondot.com', 'images/user/avatar_user.png', 'male', '$2y$10$FAokkRjdNWiW2jH58VJYN.70EVQm0opd7QIxoOWHJV0n8omTycbPa', '1996-10-31', 1, 3, 3, NULL, NULL, NULL, NULL, NULL, NULL, NULL, NULL, NULL, NULL, '44 El-Fakharany 532, As Soyouf Bahri, Montaza 2, Alexandria Governorate, Egypt', 'images/user/company/registration/pic_ZEx0HmavkWzLxZWoi5ynnlrnxpG1Bz4Hs0zu16rT9q5PHwdqPpCgKJfowhRa.jpg', 'irondot', 'irondot@gmail.com', '123456789', 0, NULL, NULL, 0, 1, 1, '2020-05-05 12:57:41', NULL),
(31, 'test', '56789', 'test@irondot.com', 'images/user/avatar_user.png', 'male', '$2y$10$RtMUjKZ/wO7.VY1uOhxtF.rkUWlbw/yTVX9psNzyy.36o51jyHyki', '1996-10-31', 1, 2, 3, NULL, NULL, NULL, NULL, NULL, NULL, NULL, NULL, NULL, NULL, '44 El-Fakharany 532, As Soyouf Bahri, Montaza 2, Alexandria Governorate, Egypt', 'images/user/company/registration/pic_Mm6qo75MFogg2ZslkcAk1xVSxKDkQscdQIxHyIa4607ky2hC6mCD819JgeFK.jpg', 'testIrondot', 'testiron@gmail.com', '54321', 0, NULL, NULL, 0, 1, 1, '2020-05-05 13:04:44', NULL),
(32, 'tesy', '765', 't@x.com', 'images/user/avatar_user.png', 'male', '$2y$10$tGUJOORlh1NTKfUvc5sUuOBI2zObyz1dy.UV/GBBH8bbBnPuTj4Za', '1996-10-31', 1, 2, 3, NULL, NULL, NULL, NULL, NULL, NULL, NULL, NULL, NULL, NULL, '44 El-Fakharany 532, As Soyouf Bahri, Montaza 2, Alexandria Governorate, Egypt', 'images/user/company/registration/pic_v9GIiGjG5qfYkbvcFAbet2I4xlYGi5bfPoExQQxXTBW4lHYbLAEykUYAUr2V.jpg', 'td', 'e@bv.com', '2134', 0, NULL, NULL, 0, 1, 1, '2020-05-05 13:16:26', NULL),
(33, 'muhmmed', '01552427342', 'mm@m.com', 'images/user/avatar_user.png', 'male', '$2y$10$3pcrDE9fiBqVNCalTIw.yOdvC8JHPfMQqwfR.o7rukJ/KE2nAlW6C', '1996-10-31', 1, 3, 3, NULL, NULL, NULL, NULL, NULL, NULL, NULL, NULL, NULL, NULL, 'Unnamed Road, Akhnaway AZ Zelaqah, Tanta, Gharbia Governorate, Egypt', 'images/user/company/registration/pic_wgieWRcio5aSPYVzB1ifQ9z6cCG3JKmphFpo0NLHhZAmXuZRg85VvD7sEmki.jpg', 'ddddd', 'n@N.com', '32322', 0, NULL, NULL, 0, 1, 1, '2020-05-05 13:37:50', NULL),
(34, 'ajdj', '111', 'abc@ff.xdd', 'images/user/avatar_user.png', 'female', '$2y$10$AM8r.Al27vBIABAQ8.59uedv12xUEZmD8ZpptFKBjXrD3EcCtlQYa', '2000-01-01', 1, 3, 1, NULL, NULL, NULL, NULL, NULL, NULL, NULL, NULL, NULL, NULL, NULL, NULL, NULL, NULL, NULL, 0, NULL, NULL, 0, 1, 1, '2020-05-06 08:32:57', NULL),
(35, 'dsa', '3243', 'r@l.com', 'images/user/avatar_user.png', 'female', '$2y$10$K6mkxqMZe36OyopKY3QRE.NFeBR0LHHwhXMtSXI.GAgbAMKvOvsbC', '2020-05-13', 1, 3, 2, 1, '45', 'images/user/guide/identity/pic_CZDQoJqlzKbGTjdkzAjTn2oNE2199P3CME3armwqYHoMU3WMLtK26Y2fi3hC.jpg', 'images/user/guide/identity/pic_gRypH8m6vUCyvUsjBHrVJq0qBuiJXlA0Onq5jTgXxAiU8xYgbL2X5Yv14Gqq.jpg', NULL, NULL, 1, 'images/user/guide/attach/pic_pZz5D48nsKOweNSOOfBrJPljPdPqVeJ57oIxPrrStS3QYS77VN4Y3JR9GEsm.jpg', 45, NULL, NULL, NULL, NULL, NULL, NULL, 0, NULL, NULL, 0, 1, 1, '2020-05-09 07:48:19', NULL),
(36, 'dg', '1223', 'e@s.com', 'images/user/avatar_user.png', 'male', '$2y$10$yNSbB/dnj9iO7jJlyzaPnedfiS.bZ1iGCJKPd6PqTLxyCWTNqojT6', '2020-05-20', 1, 2, 2, 1, '32545', 'images/user/guide/identity/pic_dteLSmb8bRS60JO5XgGP5jqzWMUiIgd3pbISE5nlO7MeQLF367dOSoqJh6mO.jpg', 'images/user/guide/identity/pic_eVorsr3HuisOGMZ9yfNRbLyhe13cAwLuCytS0h4vwTPH6sncUejF96Hpk3Eb.jpg', NULL, NULL, 1, 'images/user/guide/attach/pic_Qcmufbm6oUU7VUMeLeWv6ZrV8If8HzzcCdnanF86bGVW25YVU3dVm7s5h2p9.jpg', 46, NULL, NULL, NULL, NULL, NULL, NULL, 0, NULL, NULL, 0, 1, 1, '2020-05-09 08:02:58', NULL),
(37, 'test', '8645433', 'g@z.com', 'images/user/avatar_user.png', 'male', '$2y$10$Klzjgw7u9veBE0jScMpqZ.UqZ7kf4ZrJ.PXt482JICiVSh/OMuqca', '2020-05-14', 1, 2, 2, 1, '1234567890', 'images/user/guide/identity/pic_TShGJoVqNXQm2BRCSfSE696u9dagMuswMneYqgjo8THxnaWESyhf7tShYHxQ.jpg', 'images/user/guide/identity/pic_Lgok0oIwtKXhc7ceOv4yUpRCM0WUY8iS3GBOkuzjIPWGjguoduinXyZ45aza.jpg', NULL, NULL, 1, 'images/user/guide/attach/pic_oJstSacz4VudzRtXu6cadbnyxlwCT0qoHNZnZdi34sQddhcc5OKNdebPLgxg.jpg', 32, NULL, NULL, NULL, NULL, NULL, NULL, 0, NULL, NULL, 0, 1, 1, '2020-05-09 19:57:20', NULL),
(38, 'er', '121232143', 'r@k.com', 'images/user/avatar_user.png', 'male', '$2y$10$8R.AiXiNnFDZ8G1.jeChsOGDo.pLig4LduSgTmcSAzS5MKtQzwWCG', '1996-10-31', 1, 2, 3, NULL, NULL, NULL, NULL, NULL, NULL, NULL, NULL, NULL, NULL, '44 El-Fakharany 532, As Soyouf Bahri, Montaza 2, Alexandria Governorate, Egypt', 'images/user/company/registration/pic_YTtM0yxFuKebkizkIUZXEu3wIsf6uS4FpCgEayPWdCqtRgGEXMDVeZ9AFPqX.jpg', 'f', 'g@l.com', '12342343', 0, NULL, NULL, 0, 1, 1, '2020-05-09 19:59:56', NULL),
(39, 'Hassan', '01272252216', 'hassan.alex266@yahoo.com', 'images/user/avatar_user.png', 'male', '$2y$10$C5A83hhEQFVDQF3q5fnVJeF7p3.9EWZIyl3JfLgwvkAKo1JyQE0Fa', '1996-10-31', 1, 3, 1, NULL, NULL, NULL, NULL, NULL, NULL, NULL, NULL, NULL, NULL, NULL, NULL, NULL, NULL, NULL, 0, NULL, NULL, 0, 1, 1, '2020-05-10 07:27:08', NULL),
(40, 'HassanG', '012722522167', 'hassan.alex26677@yahoo.com', 'images/user/pic_cpGYOUX4y7Bevr93wcTX3RyjKgozluFVmhZWZrjKPyXCv39mbNqAhoGIFDmw.jpg', 'male', '$2y$10$PUps7ynNbk3bbiBYUuj21O3CZ9gRvXGoMtpbC2tZZporzLA/lRDya', '1996-10-31', 1, 3, 1, NULL, '1234567891', NULL, NULL, NULL, NULL, NULL, NULL, NULL, NULL, NULL, NULL, NULL, NULL, NULL, 0, NULL, NULL, 0, 1, 1, '2020-05-19 12:48:57', NULL),
(41, 'Hassan Gamal', '01500550022', 'hassan.alex2278@yahoo.com', 'images/user/guide/pic_M1z2tkshCIo2BiRkbxhAMjm6DPnNfNf7zmfzpsO8zPKXsUBWpjzfnSK8esMu.jpg', 'male', '$2y$10$wHE31pMqCGakD/9L7JvmDOQtNGuluBzBwQYVhJClp2ySb6Rnc4916', '1996-10-31', 1, 3, 2, 1, '123456789', 'images/user/guide/identity/pic_9v44ONYyIoejt9IQCPY7DCf8riKGWaPFJkQf1pLURjg9W4ltPPeEP3oWNT4y.jpg', 'images/user/guide/identity/pic_NDjQtbSOtG9EUIcZuCDrFwySGr0XyoqYmJF3ZjO2gENa6bQ6RzhuKp27NhYH.jpg', 'images/user/guide/car/pic_eBouvEDErmch5fTHxAXETu1UizilFsTMyl0fT69Y62DPlz8Qfk2mL1tVyKJi.jpg', 'images/user/guide/car/pic_KJ4BID09uMjer0yhPiiXEYNQT2CKvREvJFnY3gQjW8mvrhDLkOJuJq2EWX7o.jpg', 1, 'images/user/guide/attach/pic_lPJ4ZF7mggz8QYJ1WngFTQuImBZfOjFFuELIgxhmj2txen46lj55MelTnW9g.jpg', 20, 'gjhf', NULL, NULL, NULL, NULL, NULL, 0, NULL, NULL, 0, 1, 1, '2020-05-20 08:33:03', NULL),
(42, 'Hassan Gamal Mohamed', '012722522888', 'hassan.alex2888@yahoo.com', 'images/user/avatar_user.png', NULL, '$2y$10$p5m6YkLnXEfp7iTmqQFi5ufTfW9CqTF7Fp4DztrrNSO5zGraa0QJW', NULL, 1, 3, 3, NULL, NULL, NULL, NULL, NULL, NULL, NULL, NULL, NULL, NULL, 'st,tss,st', 'images/user/company/registration/pic_pz64aPeJvZoLQIackZMmDLXW4qzISj5G9KuA9VhmPcf2A3oTbSbBHH8qDcOd.jpg', 'company', 'email@email.com', '01255255225', 0, NULL, NULL, 0, 1, 1, '2020-05-10 07:53:31', NULL),
(43, 'dsfd', '5448548', 'dfds@fdg.gvfdg', 'images/user/avatar_user.png', NULL, '$2y$10$EcIysp9U0V330P57tGjWQuUFJheiSPRNqMS0mW11VfoD77RW/gPey', NULL, 1, 2, 3, NULL, NULL, NULL, NULL, NULL, NULL, NULL, NULL, NULL, NULL, 'fdfgrgr', 'images/user/company/registration/pic_M8G0qkwg2gvw96y7AySFPMPmBOUqqqziuq7P8jrdqA43nnDlMNW7xh7h5Oeu.jpg', 'grgr', 'grg@fg.fgf', '5454956', 0, NULL, NULL, 0, 1, 1, '2020-05-11 09:17:22', NULL),
(44, 'kjkk', '54321', 'iron@dot.com', 'images/user/avatar_user.png', NULL, '$2y$10$a7ohUIIiAE9JPryPGxSpwunDVavV3tIkG5GVsZO4FX7pPTf8IIQSe', NULL, 1, 2, 3, NULL, NULL, NULL, NULL, NULL, NULL, NULL, NULL, NULL, NULL, 'dfe', 'images/user/company/registration/pic_VzvdwGs82N4VoLpfickoaQX0dZ1rPb09EdL2IGTr3BlJ3Fvt6TSU5QGzmCXK.jpg', 'ffgfd', 'dfgvf@fdgf.gfg', '123342', 0, NULL, NULL, 0, 1, 1, '2020-05-11 09:48:27', NULL),
(45, 'احمد', '01223487577', 'fjg@hgg.com', 'images/user/avatar_user.png', 'male', '$2y$10$kYhiUG0Uj4ZNeayJrCg7yOaXewWg0sbRf.hwglSClLUqnayazQFF6', '2000-04-01', 1, 3, 1, NULL, '1234567891', NULL, NULL, NULL, NULL, NULL, NULL, NULL, NULL, NULL, NULL, NULL, NULL, NULL, 0, NULL, NULL, 0, 1, 1, '2020-05-11 12:33:56', NULL),
(46, 'dbhf dhfjc', '594646555', 'dbdh@hh.ddh', 'images/user/avatar_user.png', 'male', '$2y$10$IBQ7JqbEJZ2rJMdPljvOuegTRT.fg0clfR/T95keA6So129Fz1ydm', '2000-01-01', 1, 3, 1, NULL, '1234567891', NULL, NULL, NULL, NULL, NULL, NULL, NULL, NULL, NULL, NULL, NULL, NULL, NULL, 0, NULL, NULL, 0, 1, 1, '2020-05-12 10:46:36', NULL),
(47, 'dbbx', '551555584', 'bxhd@hdh.dhf', 'images/user/avatar_user.png', 'male', '$2y$10$REUJD.DgH88oUcob4ps2p.hcqcTjK.InwzaEsF2wt4ClNxUwy.JfS', '2000-01-01', 1, 3, 1, NULL, '1234567891', NULL, NULL, NULL, NULL, NULL, NULL, NULL, NULL, NULL, NULL, NULL, NULL, NULL, 0, NULL, NULL, 0, 1, 1, '2020-05-12 12:11:17', NULL),
(48, 'لبيلبي لبيل ب', '4343435', 'fgdg@gfg.tyhtr', 'images/user/avatar_user.png', 'male', '$2y$10$EGbtewMvamTloDsd03nfQ.tyo45jCw.6l0oxFc3fpQysixvnq5d2K', '2020-05-07', 1, 2, 1, NULL, '1111111111', NULL, NULL, NULL, NULL, NULL, NULL, NULL, NULL, NULL, NULL, NULL, NULL, NULL, 0, NULL, NULL, 0, 1, 1, '2020-05-12 21:52:15', NULL),
(49, 'test', '123445', 'tel@t.com', 'images/user/avatar_user.png', 'female', '$2y$10$KGyBTtA7KoSLd3xTRXAiEeFncWhYkUmdr4bewCfESVAPqbH65vZU2', '2020-05-11', 1, 3, 1, NULL, '1234567890', NULL, NULL, NULL, NULL, NULL, NULL, NULL, NULL, NULL, NULL, NULL, NULL, NULL, 0, NULL, NULL, 0, 1, 1, '2020-05-13 11:58:34', NULL),
(50, 'irondot', '1231124', 'i@d.com', 'images/user/avatar_user.png', 'female', '$2y$10$N8azmdHnfDf5AUUJPwygg.IPfAVGAVpTLKe2pHs6DoDgw1BMheqv2', '2020-05-14', 1, 2, 1, NULL, '1234567890', NULL, NULL, NULL, NULL, NULL, NULL, NULL, NULL, NULL, NULL, NULL, NULL, NULL, 0, NULL, NULL, 0, 1, 1, '2020-05-13 12:04:52', NULL),
(51, 'باتالذ تات', '9876321', 'abc@ff.fgh', 'images/user/avatar_user.png', 'female', '$2y$10$eUebL3dNaVyCsvKbYKC..e6ZFG7A1aQucJuOc9c7xB5FhtrLWW7qm', '2020-05-13', 1, 3, 1, NULL, '6543825685', NULL, NULL, NULL, NULL, NULL, NULL, NULL, NULL, NULL, NULL, NULL, NULL, NULL, 0, NULL, NULL, 0, 1, 1, '2020-05-13 13:00:15', NULL),
(52, 'لتت اات', '5678932', 'amal@yahoo.com', 'images/user/avatar_user.png', 'female', '$2y$10$PqyP.9U5z6K/ASnmFG6m3ORCKZoPtqI9dbVmTUqS3Z.DjLh318YgO', '2020-05-13', 1, 4, 1, NULL, '52468585654', NULL, NULL, NULL, NULL, NULL, NULL, NULL, NULL, NULL, NULL, NULL, NULL, NULL, 0, NULL, NULL, 0, 1, 1, '2020-05-13 13:21:57', NULL),
(53, 'muhmme', '0500576772', 'mmm@gmail.com', 'images/user/pic_AYpXnhO0c9C2s7Kj802UkdZ0m4UepaI0AK1ncLT3MRj1kVSYQHiSEnAlx4nD.jpg', 'female', '$2y$10$dd15W4PRCWl7p/UjqqLzheGH776HamoUr0wyj2ViWmdvJr5adExPq', '2000-05-07', 1, 3, 1, NULL, '1001010101010', NULL, NULL, NULL, NULL, NULL, NULL, NULL, NULL, NULL, NULL, NULL, NULL, NULL, 0, NULL, NULL, 0, 1, 1, '2020-05-19 12:13:13', NULL),
(54, 'بتلن تت', '4656', 'bdhd@hh.dd', 'images/user/avatar_user.png', 'male', '$2y$10$8TN12MipYvCdU6BN5Z/j6.WipUQuwt13uaP2p/h4tmM36N.UEYkHe', '2000-01-01', 1, 3, 1, NULL, '1234567891', NULL, NULL, NULL, NULL, NULL, NULL, NULL, NULL, NULL, NULL, NULL, NULL, NULL, 0, NULL, NULL, 0, 1, 1, '2020-05-13 15:01:02', NULL),
(55, 'لاا لل للنل', '46465521', 'dhd@bj.ss', 'images/user/avatar_user.png', 'male', '$2y$10$rsaxbFZ.hxNXI8bNTojsZeDa7xNg3IRokFgxF7LDkZTEeEaf1NIIS', '2000-01-01', 1, 3, 1, NULL, '1234567891', NULL, NULL, NULL, NULL, NULL, NULL, NULL, NULL, NULL, NULL, NULL, NULL, NULL, 0, NULL, NULL, 0, 1, 1, '2020-05-13 15:03:33', NULL),
(56, 'muhmmed', '0500576779', 'mmmm@m.com', 'images/user/avatar_user.png', 'male', '$2y$10$eaNXjopIN3Bo5iJcZvw5aOeakrJrp31TO1GgtP94e8geoZFbpUNqW', '2020-05-15', 1, 1, 1, NULL, '10292992922', NULL, NULL, NULL, NULL, NULL, NULL, NULL, NULL, NULL, NULL, NULL, NULL, NULL, 0, NULL, NULL, 0, 1, 1, '2020-05-15 15:19:06', NULL),
(57, 'guide', '1234987', 'guide@iron.com', 'images/user/avatar_user.png', 'male', '$2y$10$WYQ2hPUO9LHKVADESZ2i0e4XQ1aSeN8Q41uRtRUgmFPtGBLrybE/S', '2020-05-20', 1, 2, 2, 1, '123243465456', 'images/user/guide/identity/pic_AdJyd5ZHkdhr8BrE159NTrAqpqFXdbn1EsMfLOxeCAiCBmNSp3PSC4Tk5fL0.jpg', 'images/user/guide/identity/pic_F0ZcDFJ86wbWtRdvrTexW8DzXf3vfJ9WObG3UtXVjs4snY2VxVSnAyp1Yeyn.jpg', 'images/user/guide/car/pic_ugQU5c3DbZjvVI6GxJJWZnRwFjxWpFcmRiL97F9vGa1EdmSGT2okHcEe6wga.jpg', 'images/user/guide/car/pic_YyZYOWYKYn1dQGfloxTVwhkohpaYHR9WpSdn1Yu3UHpEswZOpLtOG6o0swuo.jpg', 1, 'images/user/guide/attach/pic_nS1ggUF9RlEN7wUzEDQggwxszXXAGFz52KlQ7yAGZd6brRVbDkL8IJk6oFvz.jpg', 76, NULL, NULL, NULL, NULL, NULL, NULL, 0, NULL, NULL, 0, 1, 1, '2020-05-16 09:31:34', NULL),
(58, 'fhfsf', '01223695822', 'ghggg@ghh.com', 'images/user/avatar_user.png', 'male', '$2y$10$ntuyCz1RckxvwNwfDoNeQ.CpCO4LUF4prStlgijCK6IbtQClQJP.e', '2001-03-02', 1, 3, 1, NULL, '1234567891', NULL, NULL, NULL, NULL, NULL, NULL, NULL, NULL, NULL, NULL, NULL, NULL, NULL, 0, NULL, NULL, 0, 1, 1, '2020-05-16 09:41:54', NULL),
(59, 'dghb', '01554369755', 'chhg@ghj.com', 'images/user/avatar_user.png', 'male', '$2y$10$Q28W3MJot8G5T8eN1KmtMerFYmGVNRcjZcjvW59JDmckIJ1ETHzTG', '2001-05-01', 1, 3, 1, NULL, '1234567891', NULL, NULL, NULL, NULL, NULL, NULL, NULL, NULL, NULL, NULL, NULL, NULL, NULL, 0, NULL, NULL, 0, 1, 1, '2020-05-16 12:18:46', NULL),
(60, 'dggx', '01223484244', 'vghh@ghh.com', 'images/user/avatar_user.png', 'male', '$2y$10$mE1a..1yuqsXTp9S/5T/2epLeE/6p5htDzyF0BgKT5q04Gx/tYdCW', '2000-06-01', 1, 3, 1, NULL, '1234567891', NULL, NULL, NULL, NULL, NULL, NULL, NULL, NULL, NULL, NULL, NULL, NULL, NULL, 0, NULL, NULL, 0, 1, 1, '2020-05-16 12:23:53', NULL),
(61, 'gjf', '01554254211', 'fhg@yhh.com', 'images/user/avatar_user.png', 'male', '$2y$10$5piYMUFiuScmHa5d5AAiX.ML.b6nYggNbx87kdW8UUEikMVYYbfD6', '2000-01-01', 1, 3, 1, NULL, '1234567891', NULL, NULL, NULL, NULL, NULL, NULL, NULL, NULL, NULL, NULL, NULL, NULL, NULL, 0, NULL, NULL, 0, 1, 1, '2020-05-16 12:25:39', NULL),
(62, 'hjff', '01554260757', 'ghh@ujn.com', 'images/user/avatar_user.png', 'male', '$2y$10$af6qu1myg/1Yj2.dO.12WuPO48hTOCYGv6rMi5jHXbK36wg9FGh9a', '2000-01-01', 1, 3, 1, NULL, '1234567891', NULL, NULL, NULL, NULL, NULL, NULL, NULL, NULL, NULL, NULL, NULL, NULL, NULL, 0, NULL, NULL, 0, 1, 1, '2020-05-16 12:35:13', NULL),
(63, 'Hassan Gamal Hassan', '0127225221889', 'hassan.alex22789@yahoo.com', 'images/user/avatar_user.png', 'male', '$2y$10$eptwIMOYvjTwapn0lqSGp.zA1UvouN9KGFqRaB/DXbXdEJ.J04Kw.', '1996-10-31', 1, 3, 2, 1, '12345678910', 'images/user/guide/identity/pic_Ypz4jKbjgeNSWR3dUuDvJUvZBoxjG7EXfbTCpZmy6vRNl8bAzytjpYl0aUEz.jpg', 'images/user/guide/identity/pic_EWrJp4uG2lPE0hlrqULhev5y7PARsOMiwBedINJOMyHe7R5HbqmNXSHo4GTR.jpg', 'images/user/guide/car/pic_Ujev7hTEHg2pRbIVK23R1acAIs8W4mz1hZoMIDz2u9Oz8idFTYRskBmIxdD8.jpg', 'images/user/guide/car/pic_3xApjIU4lUbmLul88R1Zlz5i7B9PCMvfZ9MlM6eYU5ATEINectecboxM0Ryl.jpg', 5, 'images/user/guide/attach/pic_1XQtEQuIYNrznW9yDXMFrWZrudBXtT8FDqPEXVL98ZFmuQobpGh3ssbVPGtW.jpg', 50, NULL, NULL, NULL, NULL, NULL, NULL, 0, NULL, NULL, 0, 1, 1, '2020-05-16 12:43:45', NULL),
(64, 'jgfv', '8608258425', 'fhhg@gik.com', 'images/user/avatar_user.png', 'male', '$2y$10$IVi0Rk31p2MCHUEhZQ6vCueGBMM/DmWxwsdYxVlh9x5wEiSpYMMI6', '2000-08-01', 1, 3, 1, NULL, '1234567891', NULL, NULL, NULL, NULL, NULL, NULL, NULL, NULL, NULL, NULL, NULL, NULL, NULL, 0, NULL, NULL, 0, 1, 1, '2020-05-16 12:48:55', NULL),
(65, 'hjcc', '01225426833', 'fjh@hj.com', 'images/user/avatar_user.png', 'male', '$2y$10$CEJ.WKwG2o50gLI65Ws0Zewroywf35S7Q3HecZqpwgyDHBc9K4kbC', '2000-04-01', 1, 3, 2, 1, '05385382582', 'images/user/guide/identity/pic_jZNkgaCh1jPowy5F3590BO55D07KMfxg1y8AKuDTvDdiVAVmfpGGMmbgGFq6.jpg', 'images/user/guide/identity/pic_rz44TxVDK9MwiBIKtA3V02yCFZz1pev6tCGKZI71U6fbV8lGX7XmXhbpUPx6.jpg', 'images/user/guide/car/pic_Fz4z4m3LDG3WFutZA35nVWTCYLm1RZBwyzBYsqA4LhF3KEr14G1BH8AXAxQB.jpg', 'images/user/guide/car/pic_KinYyqtuM6YUaOOsYZlzMHIpsXOGH8EBZ3MuS7y0kPe7uv9dNysIsHKYA1Yd.jpg', 6, 'images/user/guide/attach/pic_mWu7UL114RRtq9aaEDDNzmrMVojafYi9YuT79EcsZCt6FkB3aGA57k3se2ah.jpg', 20, NULL, NULL, NULL, NULL, NULL, NULL, 0, NULL, NULL, 0, 1, 1, '2020-05-16 13:19:33', NULL),
(66, 'fhhd', '01551234580', 'fhg@hhj.com', 'images/user/avatar_user.png', 'male', '$2y$10$NpVVGjTbIKNxjHyu/9pbM.oGSTQyz4uS387exR68M0qRvfdOjZybC', '2000-04-01', 1, 3, 2, 1, '0262652855', 'images/user/guide/identity/pic_DWFvoj5mYEeg43gE7v2iIK3gHgULwxoLgPuwUkTu7ejak3djB7EjWrl3i260.jpg', 'images/user/guide/identity/pic_uHP33xY11CZxK41PUUC63u3GnO7d7WaVpH1GAibguhwZCFOvpNuW0399jGrG.jpg', 'images/user/guide/car/pic_NNEUZb8c3IwsxzdrBnZkELXnui53NUAuD7tYfBQgko8zKL0M6R2lPAJmYWzf.jpg', 'images/user/guide/car/pic_KY33yv5oRqMSPZM0aCnQtxV8rtGXKCW89aNzfhZW128arbSKgk4OXQ66xalu.jpg', 7, 'images/user/guide/attach/pic_Lg0EIJnhqYxPKDqQE6LUSSvYXIdZYuraNBBQuA6GxlGo0tzgKPuKxxW79eMa.jpg', 20, NULL, NULL, NULL, NULL, NULL, NULL, 0, NULL, NULL, 0, 1, 1, '2020-05-16 14:18:30', NULL),
(67, 'ghhh ggh', '5646554568', 'abc@ff.xhdh', 'images/user/avatar_user.png', 'male', '$2y$10$WSJtwcJcVIPVeVhzhvguweJCae/xKlXyuFuWCVRq.YzscvL/CLr2e', '2000-01-01', 1, 3, 1, NULL, '1234567891', NULL, NULL, NULL, NULL, NULL, NULL, NULL, NULL, NULL, NULL, NULL, NULL, NULL, 0, NULL, NULL, 0, 1, 1, '2020-05-16 14:21:56', NULL),
(68, 'amal', '01008113292', 'hshd@hh.fbf', 'images/user/avatar_user.png', 'male', '$2y$10$QjXpj1JK.oBIrj7qBZ5/yO1QRB6VlDhXFW8b97bXcM/9h9AxIZsk6', '2000-01-01', 1, 3, 2, 1, '8864004818181', 'images/user/guide/identity/pic_xt5HOKnrAPjc7mDPn9oe8eFITJpRQ1nCbPv4JYagStBezwJ9u5yeGvy3W1LR.jpg', 'images/user/guide/identity/pic_GcIRqjmMugN9L6f6gcN8YAcwsc5RPUcAPGRQQGFVHyyMCuphXE4prQ6hqHwa.jpg', 'images/user/guide/car/pic_zOGsHlAbAHKdbO5pAom5driEJp45pPMvzFBFSyZmavhztCcaXV1jWSsui2xm.jpg', 'images/user/guide/car/pic_AH2AGhbGV6v7DTmncdTkKxY1aE6KnkK6kDsyHHDX7twlWTgUarvE8KA9WVTK.jpg', 8, 'images/user/guide/attach/pic_XvVwHmVxNBfd3wKoh7nkczd85MXdtfDwrWXYLg4719PbvwyxOtxwvKYRgVP1.jpg', 855, NULL, NULL, NULL, NULL, NULL, NULL, 0, NULL, NULL, 0, 1, 1, '2020-05-16 14:45:57', NULL),
(69, 'امل', '01008113291', 'tester@irondot.com', 'images/user/avatar_user.png', 'female', '$2y$10$f7jYc02CoGk.LzOuJ5cHSOc0zEB.SlrQ2FxSZUNG4S8Ty.kg8t14O', '2000-01-01', 1, 3, 2, 1, '4848484848848', 'images/user/guide/identity/pic_nrA2eeRQ6AFcqssKfbz3uKAZXmaRzNj0yuIsigbvIQihanOyhcgBY6D0psE1.jpg', 'images/user/guide/identity/pic_TW8c6IZihTBGAOmCGik8OhutLRVbkYZDrcyawN0cl6zqjcW0A0VGud2SwzY6.jpg', 'images/user/guide/car/pic_I9BuKEXNLxwNwa115m4yc94alUyQtG4ZyS0Cv55ClKQIZ7rWT5uDHqJTTK4n.jpg', 'images/user/guide/car/pic_tUcUbsdHm9IsWD0GJybx3sNmqi2OIBIQByROnugrJnVrmyuoC0mmF3B7aJCx.jpg', 9, 'images/user/guide/attach/pic_8FZDB6oqYwKDVoBhjflJMpPP6cUXggjiGc922fnC7I0O8SymF9eSBLhIXMXz.jpg', 556, NULL, NULL, NULL, NULL, NULL, NULL, 0, NULL, NULL, 0, 1, 1, '2020-05-16 14:54:56', NULL),
(70, 'dhdh dhdj', '01128113292', 'abc@fdjdj.df', 'images/user/avatar_user.png', 'male', '$2y$10$CWymd6Xb.NvPUw8y5FKpXuBP66MAbSnLYsRoUqVcua1/zY.lRx8x2', '2000-01-01', 1, 3, 2, 1, '55987858895', 'images/user/guide/identity/pic_vfRZ5qJNX8JRwqRrmUW1EBJVdyVwciC7vKnwEddsEjridALDFoNSWhBDmTWE.jpg', 'images/user/guide/identity/pic_iDm6RKLS00ai6lIuTZDEXpr3N1hEFDTttXBEx4AmbjqZd25N4UIlYIQFnWMc.jpg', 'images/user/guide/car/pic_yXfWNA321azuMhk6iv6Lg0KB8IJzqrdFIXtM6TCaemd96TbJfs4NS6fybiq2.jpg', 'images/user/guide/car/pic_AhOLDl75PwHIl4YQa71Idop1j4JWaoG1yRiuSZb87BJiwVTyKmIlU0X0Gqp4.jpg', 10, 'images/user/guide/attach/pic_O8snjxgLPOZSHkCdanySlkM9AlOgr8hVUg7rKrn5064HdcctE8rr1ev02uO7.jpg', 5, NULL, NULL, NULL, NULL, NULL, NULL, 0, NULL, NULL, 0, 1, 1, '2020-05-16 15:38:15', NULL),
(71, 'defds', '3453454', 'sdfgd@guide.com', 'images/user/avatar_user.png', 'male', '$2y$10$g8NfQLWiL5XFl9qU2s1TPeNOVGYvL2F.i033goTyE0zJX5XzLQeXy', '2020-05-13', 1, 3, 2, 1, '345675756756', 'images/user/guide/identity/pic_EZBJlQdJMZWILQXIaVL2ysRDCH51k1MLTrPmTnloYe5Oa4w4ze4fLWRqMADl.jpg', 'images/user/guide/identity/pic_TK2TgN9Ujy5gNcJsyTDH7d0kxhbnlnxZz3Xr4iPszT7LNSkg9A8RnEpgrMdM.jpg', 'images/user/guide/car/pic_ZL4pbv9tG2Wv1TbI2E55RUm4DGVZlarZ5bjhIE80o0jLwcqjJzRPc60bXSQ2.jpg', 'images/user/guide/car/pic_nOZSzmzQg1JrE4My0k8GeoPwraXrGh7Hds1RygJvfoLaNgcLcYr5VC0M5r8a.jpg', 11, 'images/user/guide/attach/pic_pD0iR7h8d1tL5ZhETQsWrgC0Ja7Kqoxum4pH5rhyXcoyxcL5qAsZmqRYTK9p.jpg', 87, NULL, NULL, NULL, NULL, NULL, NULL, 0, NULL, NULL, 0, 1, 1, '2020-05-16 15:55:21', NULL),
(72, 'sdfgdg', '132878', 'mn@guide.com', 'images/user/avatar_user.png', 'male', '$2y$10$Pu.IW8tK9o68z45WYp5qYOWMX9lytO.lQZUVdDzRgsZXFqHfnn11e', '2020-05-19', 1, 2, 2, 1, '457467575675', 'images/user/guide/identity/pic_ihNGX9MKvuy0SuPTGDphFdzHquIrzXFFkCD7y5Q4GKPZZ7Eq6efp3UWMSLfx.jpg', 'images/user/guide/identity/pic_cJYy9GrouKEo6Oa43Upjs8p2n9jD1lgvlYvPTdXBsiIN5b9jBKp3QbgNtSsQ.jpg', 'images/user/guide/car/pic_HgBcIZRMrPN9YJmr0FXp7RPjg97ZHLCRpdum3tTq4wBwufv0wJCGFJinryg9.jpg', 'images/user/guide/car/pic_SrPJNMR1UM00SH1qeW0xUi9iAtQeX8V5lmBDnIUNZ2sHjst8U82BXzncLtQN.jpg', 12, 'images/user/guide/attach/pic_20UU173L1A3QB6LkIsbhaDOBhiAz1FK0mdPNLVvyavxGFJ9VJPPD1FtatiIc.jpg', 4, NULL, NULL, NULL, NULL, NULL, NULL, 0, NULL, NULL, 0, 1, 1, '2020-05-16 16:03:45', NULL),
(73, 'ghgf gfg', '017481132925', 'gdf32gd@fdf.htg', 'images/user/avatar_user.png', 'male', '$2y$10$ig8G49w9he7hVi9JqHrucuuIFMq4a.O/pwJO3IDDXKaca2UxpMD.G', '2020-05-12', 1, 2, 2, 1, '5158451515', 'images/user/guide/identity/pic_aznzAEtFYBmghKPijy3gRKqURy1lFaxeJvCpUVWa7DuE2jlYZZ7bmEd6azz3.jpg', 'images/user/guide/identity/pic_cjXYhwPysqziYePOSdDct3QswZD3Ozz55VLRqhXxqOr22yfsCA6ceEztulQ6.jpg', 'images/user/guide/car/pic_gFDmN1AyrTVPlTeSYPlmdSJfCgePCqNDxzlQrWwg0tuMmu56NTaLriwoKMuC.jpg', 'images/user/guide/car/pic_jssVIhZ0OQCcWYmF3QJjC7DiyCO1Ev9KytZVT63n04ZQ9t9G3POoBb6NZSc8.jpg', 13, 'images/user/guide/attach/pic_Bh6IQQ1y1a9vZCBJJwd6OSbUtGmfrXK7IcIIMphFlm15VFg5R5Lu8MOxpFAd.jpg', 65, NULL, NULL, NULL, NULL, NULL, NULL, 0, NULL, NULL, 0, 1, 1, '2020-05-16 16:04:54', NULL),
(74, 'hddhyd', '0500576773', 'n@n.com', 'images/user/avatar_user.png', 'male', '$2y$10$7.XQPT/1X5DOyWCh9n7HZelrBX2EHKmpBkDUsjI7Xi0i/Z46c6ddq', '2000-01-01', 1, 3, 1, NULL, '1234567891', NULL, NULL, NULL, NULL, NULL, NULL, NULL, NULL, NULL, NULL, NULL, NULL, NULL, 0, NULL, NULL, 0, 1, 1, '2020-05-16 17:46:11', NULL),
(75, 'jhhjj', '05005767746', 'k@k.com', 'images/user/avatar_user.png', 'male', '$2y$10$NgLLd4bhUUM4XbYU3UN90e0DEM00QxSgdoRAh379O46/pFCzuH1.C', '2000-01-01', 1, 3, 2, 1, '0469525999', 'images/user/guide/identity/pic_aZgs0G4N9714r218O29xFASznF9nisGLZSIjq1TcGwJ78UbdE8xRRmTVTnLC.jpg', 'images/user/guide/identity/pic_Bzseq3YKTPV3Hmq88TCglVSCB20tRGZ83na4qZBHANCW3A9swTi2qvg3Nyrk.jpg', 'images/user/guide/car/pic_pj51muIYrDaWx4iwAAbhZAGhU5uMCEfyYKZD1veoZgMgqmoKnyB9wuh7CZPS.jpg', 'images/user/guide/car/pic_N3uZIbjeKYKqmP0c6v7BWSez5G6IFk79piEf2Vb4KCFksMP6ty9P5qrQlCRd.jpg', 14, 'images/user/guide/attach/pic_6vYADdPYRDnLnNgz3X27aaqIxevZ0IvdPNYf4U4nTWXEPaZ3iEgSH0goWVLs.jpg', 15, NULL, NULL, NULL, NULL, NULL, NULL, 0, NULL, NULL, 0, 1, 1, '2020-05-16 17:50:13', NULL),
(76, 'ahaahah', '0500576790', 'h@H.com', 'images/user/avatar_user.png', NULL, '$2y$10$rmw79sIgA5Z./2bf8FEep.ivxfIWfJYBKU2acrhn4BwsSn3RJlkWC', NULL, 1, 1, 3, NULL, NULL, NULL, NULL, NULL, NULL, NULL, NULL, NULL, NULL, '23 الجيش، طنطا (قسم 2)، طنطا، الغربية،، Tanta Qism 2, Tanta Second, Gharbia Governorate, Egypt', 'images/user/company/registration/pic_mrfVZPBpvqtf9KDukHoeZoxomeUMlFFnD2EeBOQTYVGtZB5sWRRtM0qUel6q.jpg', 'kdkdkd', 'kk@k.com', '040040404', 0, NULL, NULL, 0, 1, 1, '2020-05-16 17:58:06', NULL),
(77, 'ahmedm', '0303030303', 'nee@n.com', 'images/user/avatar_user.png', 'female', '$2y$10$APD2xwl3CooeONwnP0xV/eK7wQAAkkTDOhNOreR0HAFNELXhctmOu', '2020-05-13', 1, 1, 2, 1, '03030303030', 'images/user/guide/identity/pic_buYTVMDKzrmUV4molZptOgw394GSOKSULcj1Mv30Pu31GwojJQ64UZOZqd2u.jpg', 'images/user/guide/identity/pic_sPEcGS4wnhUKbQTiMqEEcYfYSMzX0snCeVJFNUyIJ72hvnwfAZSBPtooRzsZ.jpg', 'images/user/guide/car/pic_QbSb6Q1SMK7JaGgF0FpdWlqSmry2DnxkMTr8XyvBrZ0JQw8HYbdusSprXC7o.jpg', 'images/user/guide/car/pic_tLkx5BUZZwVcNEOoy4MNeYuTbXzMakPPwDEB8lMWVEjCVT57jU5vJqRVAxOH.jpg', 15, 'images/user/guide/attach/pic_EUKqD6sCSQUfkFpe0lPo8eKNUxOTO65irDwnqJssu8oiFaRhwqA33ENv9tQ7.jpg', 433, NULL, NULL, NULL, NULL, NULL, NULL, 0, NULL, NULL, 0, 1, 1, '2020-05-16 18:01:56', NULL),
(78, 'Hassan Gamal Mohamedd', '0127225228888', 'hassan.alex28888@yahoo.com', 'images/user/avatar_user.png', NULL, '$2y$10$lYEv.1Imj8iIwZaQ4lJGt.Af7HcaDfKZq4hfiKtobg.wnU5epBYte', NULL, 1, 3, 3, NULL, NULL, NULL, NULL, NULL, NULL, NULL, NULL, NULL, NULL, 'st,tss,st', 'images/user/company/registration/pic_TySfh77JQCMdigFji9Y4p2IuuOrenrz7vYXu8mBpnXWEqluFseJbuyfX2wuT.jpg', 'company', 'email@email.com', '01255255225', 0, NULL, NULL, 0, 1, 1, '2020-05-16 18:45:09', NULL),
(79, 'jfugug', '05005677794', 'n@m.com', 'images/user/avatar_user.png', NULL, '$2y$10$gAU/aDMRiYSJ56QZ4CWp6.hnssK.Ut691PW0dkcnyR9fNb8BfsGr.', NULL, 1, 3, 3, NULL, NULL, NULL, NULL, NULL, NULL, NULL, NULL, NULL, NULL, 'st,tss,st', 'images/user/company/registration/pic_wafqtppyzlq8HY0uzxB2bmoQoQvwEkflVt2TUax8cuyfolL5FTP9hrDarzkk.jpg', 'bfjdj', 'kk@co.com', '05005488879', 0, NULL, NULL, 0, 1, 1, '2020-05-16 19:14:41', NULL),
(80, 'ahmed', '05005767722', 'ahmed@ahmd.com', 'images/user/avatar_user.png', NULL, '$2y$10$BenO94J5J9UhcARkQI4VJuIQjeksXkRJFboWhA6t1tmKz/Jxc52Je', NULL, 1, 3, 3, NULL, NULL, NULL, NULL, NULL, NULL, NULL, NULL, NULL, NULL, 'st,tss,st', 'images/user/company/registration/pic_4a7ZPu6X39FB0E5bkNKLqNqm3wg5Y6UjkTxui2EhodiYX08xuRoSixdmEJAO.jpg', 'ahmed', 'ahmed@ahmed.com', '05005767722', 0, NULL, NULL, 0, 1, 1, '2020-05-16 19:17:56', NULL),
(81, 'ahmed', '05005767788', 'ahmed@agemd.com', 'images/user/avatar_user.png', NULL, '$2y$10$aj2xlrJCFti8g/u.4wa56ucCKw4H8/6b9buA6zyx.IdOuiUPTyo7q', NULL, 1, 3, 3, NULL, NULL, NULL, NULL, NULL, NULL, NULL, NULL, NULL, NULL, 'st,tss,st', 'images/user/company/registration/pic_taofCzzgKZeNJ88Ry33DBD6tlx7T5ZclFGDUt0HPynjUYJXlRqDOlPuIph5E.jpg', 'nsjsjsjeu', 'mmm@mmm.cim', '05000567979797', 0, NULL, NULL, 0, 1, 1, '2020-05-16 19:19:58', NULL),
(82, 'muhmmed', '05005767744', 'nn@n.com', 'images/user/avatar_user.png', NULL, '$2y$10$tfWRTbcuBSH3KcuUdzATb.rY/T2/BDHHWIXaqTF5aTvobrhsTsZFe', NULL, 1, 3, 3, NULL, NULL, NULL, NULL, NULL, NULL, NULL, NULL, NULL, NULL, 'st,tss,st', 'images/user/company/registration/pic_dkNTbbQp7FHv2PfjTNZGsrfX9ANOaLAelJdzKEqHqH3WC6bA0flgDvQx3YGG.jpg', 'dbdhdhdu', 'mn@nm.com', '050054944885', 0, NULL, NULL, 0, 1, 1, '2020-05-16 19:27:19', NULL),
(83, 'ahsj', '05005767748', 'skd@kdjd.com', 'images/user/avatar_user.png', NULL, '$2y$10$IAqY37ymRGPU4ZUSoPwYFOxktdr6nJuUdeXcX/erPjI0aINljR3Re', NULL, 1, 3, 3, NULL, NULL, NULL, NULL, NULL, NULL, NULL, NULL, NULL, NULL, 'st,tss,st', 'images/user/company/registration/pic_ycpfSLc8F8tcEKO1Y1dH13CdFApAJXV6aKAr5FJAyzNQELXTuVSqdbT63Alb.jpg', 'hfjfjd', 'kjj@jk.com', '0500576779484', 0, NULL, NULL, 0, 1, 1, '2020-05-16 19:40:43', NULL),
(84, 'yasser', '0583596005', 'yaser_nami@hotmail.com', 'images/user/avatar_user.png', 'male', '$2y$10$g89ZwKafmaeLLOEonIQrYeoyMnRHjHzGWvtz9FLWAJl3DRkEDi4OC', '1985-12-11', 1, 3, 1, NULL, '1234567891', NULL, NULL, NULL, NULL, NULL, NULL, NULL, NULL, NULL, NULL, NULL, NULL, NULL, 0, NULL, NULL, 0, 1, 1, '2020-05-17 19:29:02', NULL),
(85, 'Hassan Gamal Mohamedmm', '0127225228866', 'hassan.alex28866@yahoo.com', 'images/user/avatar_user.png', NULL, '$2y$10$VjzuZWjwnEHrFbEja0B7dON80xJMb.Lsz8Iz33jNTYPIut2yUH/Pe', NULL, 1, 3, 3, NULL, NULL, NULL, NULL, NULL, NULL, NULL, NULL, NULL, NULL, 'st,tss,st', 'images/user/company/registration/pic_RDhvBPV2iDnQ32EHTiQVsJbn8T77YxX60bclchJ3woV1LRTVPnBzEU9B8CcX.jpg', 'company', 'yassdfd@hotmail.com', '+9661272252218', 0, NULL, NULL, 0, 1, 1, '2020-05-17 20:56:58', NULL),
(86, 'test', '122345', 'company@iron.com', 'images/user/avatar_user.png', NULL, '$2y$10$NOTJDXuHXFo7ZKEXs2nsROON1vJPK4mRJYMDhNj5NCQydubxILmMG', NULL, 1, 1, 3, NULL, NULL, NULL, NULL, NULL, NULL, NULL, NULL, NULL, NULL, '44 El-Fakharany 532, As Soyouf Bahri, Montaza 2, Alexandria Governorate, Egypt', 'images/user/company/registration/pic_345BMW3ykEP45UUBBNFdwQ4MEnHzHg3OkNZfbblXdXqU8UcE4tAkBtaCibQm.jpg', 'company', 'com@iron.com', '34235', 0, NULL, NULL, 0, 1, 1, '2020-05-17 21:04:43', NULL),
(87, 'yasser', '05835960052', 'yasser6903@gmail.com', 'images/user/avatar_user.png', NULL, '$2y$10$KCf5A3gDG81RjfrRPsVET.zah0lcHj5IXoS/mXwCGwZl.DDMoCpBK', NULL, 1, 3, 3, NULL, NULL, NULL, NULL, NULL, NULL, NULL, NULL, NULL, NULL, 'st,tss,st', 'images/user/company/registration/pic_e6JvJbsXrB3eCgHwsOkzjpivJfEoqqis31NoFhXwebW8hbECIWKQ1DLFsPOo.jpg', 'yasser', 'yaseri@hotmail.com', '+966584523556', 0, NULL, NULL, 0, 1, 1, '2020-05-17 21:53:19', NULL),
(88, 'fhhhf', '01223569899', 'ghgvb@ghj.com', 'images/user/avatar_user.png', NULL, '$2y$10$5bsRz8K9U2yRa7OH6dce9O3nIlAJv/veAKmIe04vgZmjUhrYeVavK', NULL, 1, 3, 3, NULL, NULL, NULL, NULL, NULL, NULL, NULL, NULL, NULL, NULL, 'st,tss,st', 'images/user/company/registration/pic_YdsEyPrrtd0QZNl06OAoYfPLMZarAt5T4K65Suk6amJpVBXgirzD0Wl9PQ98.jpg', 'dgg', 'cgg@ghh.com', '01552367841', 0, NULL, NULL, 0, 1, 1, '2020-05-17 21:56:39', NULL),
(89, 'hdhdj', '05005767794', 'jj@j.com', 'images/user/avatar_user.png', 'male', '$2y$10$wicleju1wgOUXr2Qz1te8u814N1RTz3ELzGulfBzON/kucdZ/oi4C', '2000-01-01', 1, 3, 1, NULL, '1234567891', NULL, NULL, NULL, NULL, NULL, NULL, NULL, NULL, NULL, NULL, NULL, NULL, NULL, 0, NULL, NULL, 0, 1, 1, '2020-05-18 01:16:23', NULL),
(90, 'amal iron', '01668113292', 'iron@test.com', 'images/user/avatar_user.png', 'female', '$2y$10$dmoqOtWdZ868VmLFBlFxDO8j98UG7z/rLcICzGoqPSXp/FWEPA9My', '2000-01-01', 1, 3, 1, NULL, '1234567891', NULL, NULL, NULL, NULL, NULL, NULL, NULL, NULL, NULL, NULL, NULL, NULL, NULL, 0, NULL, NULL, 0, 1, 1, '2020-05-18 07:28:37', NULL),
(91, 'امل', '+6572541836', 'testing@irondot.com', 'images/user/avatar_user.png', 'female', '$2y$10$rbJibTGDNS/d8rjvef9GPurOwgLt2mx.1z9.dytM9xd9YUDkymMhS', '2000-01-01', 1, 3, 1, NULL, '1234567891', NULL, NULL, NULL, NULL, NULL, NULL, NULL, NULL, NULL, NULL, NULL, NULL, NULL, 0, NULL, NULL, 0, 1, 1, '2020-05-18 07:38:12', NULL),
(92, 'امل ايرَن دوت', '+5315467259', 'amal@hotmail.com', 'images/user/avatar_user.png', 'male', '$2y$10$YaKYO/Q8eAyK7jcn9zcsoufOVITgpK.XdyXr1A2lE3esJr3bhYzvG', '2000-01-01', 1, 3, 2, 1, '48451846257', 'images/user/guide/identity/pic_DgZrvvFaIiRtWxYzwGeecITbE2ScGGyeqF5ct0UwqRIE9RcG3jQ6IYb9NUJL.jpg', 'images/user/guide/identity/pic_kZHDvZeKP21y31vt6jbffKgllpaQSBuRt7w1vOc4BiBGsFPczRT5b29jClf0.jpg', 'images/user/guide/car/pic_lMNVQaPU7Z6OxAQHrAukq8yrY2xz9tacfZrnK8F7MjoIFETtcuxOPL3NQt9r.jpg', 'images/user/guide/car/pic_Zw82X7uWOgYXjnt65qYyiFnWLlEcSGgru295Km8JP2E3E8kwAteR79EloxDF.jpg', 17, 'images/user/guide/attach/pic_k6sSCUkMtY9jc10DT65wsnG5xJVnAUjv6VERvDnnCT4BhNcRRZQXN06vof6g.jpg', 880, NULL, NULL, NULL, NULL, NULL, NULL, 0, NULL, NULL, 0, 1, 1, '2020-05-18 07:47:11', NULL),
(93, 'Ahmed', '012291048444', 'ahmed@yahoo.com', 'images/user/avatar_user.png', 'male', '$2y$10$tdJXxbhNpt/37UQw3.3bauFO59Hv9SIs71GWx6Dgw5s/X8PzxSUmS', '2001-04-01', 1, 3, 2, 1, '012338854668898', 'images/user/guide/identity/pic_Bhg0sjouP7kT0AYJlSgHlEZkCJbu4Vt3v8XHdnQ7D5pO9h56qMV9elCC1wV6.jpg', 'images/user/guide/identity/pic_QTqD1RTfsTBNvjNt6UQyor7ggCOeCZAoVWYgZ43CCyRqTutWGNygVP0TPxue.jpg', 'images/user/guide/car/pic_5vmO5nWKy9O6Xj0DWXwCsq8TGioNYOvxU84rx1lIPnQlWMdOkeDO19jzQ6yh.jpg', 'images/user/guide/car/pic_yZmaDP01wQKD4IMimFU5pAnAbuEgnP9Ki7TUVjbMBE81lx8zZdT19FFwZAwY.jpg', 18, 'images/user/guide/attach/pic_ECEaJK1wUVFECxNiYkqsTPQGX9WP1aynB1Agy3u3cunIYFz72Ra3APojhKza.jpg', 20, NULL, NULL, NULL, NULL, NULL, NULL, 0, NULL, NULL, 0, 1, 1, '2020-05-18 07:53:30', NULL),
(94, 'Hassan Gamal Hassan', '0127225221820', 'hassan.alex22720@yahoo.com', 'images/user/avatar_user.png', 'male', '$2y$10$nDXQFkzVumBtmk2CTRXC5e5rdkpzRdNI1L4R8F0JBfrfsmzDoF806', '1996-10-31', 1, 3, 2, 1, '12345678910', 'images/user/guide/identity/pic_pxM53LH7kj6Rw0Z0iurb8J9bmeGHM5adqB5RaVpA1QlbzLQtpohZC59KSQC5.jpg', 'images/user/guide/identity/pic_MLXIDYvNoSta0x105qnPCvT6YMv1zEQ9SGdXh5v0xrs4o8SCU4gYG3dOt5SX.jpg', 'images/user/guide/car/pic_0M5Otkgo8hQfKqFHW5cCClTN1cAlqGO53snA9saIEfqv7PjtC4VzOfvAA5zJ.jpg', 'images/user/guide/car/pic_luiPCmZy2TH0Kkn6mPPEYZm8WMvvOyY5llA050NxaiDzma7OkZslOzPoImIG.jpg', 19, 'images/user/guide/attach/pic_p6dNEQQ7zYuIqikhPJTjEAerKJwak6fSOG7kxhxcwSylN8hJftzv2z8IrUmf.jpg', 50, NULL, NULL, NULL, NULL, NULL, NULL, 0, NULL, NULL, 0, 1, 1, '2020-05-18 08:12:39', NULL),
(95, 'Ahmed', '01223645822', 'ahmed@yyy.com', 'images/user/avatar_user.png', 'male', '$2y$10$k1GusvfqsLe2JCN4Sh4nwekn0uTAI5vNtbWJle0PvZ2AlQQY3ye1e', '2000-07-01', 1, 3, 2, 1, '023828866823', 'images/user/guide/identity/pic_OMkKFUOjnOMoS69TSvI1NwQAh6s90UoAk84G40r68Rnl2VRZ3sb2YHLZSN8g.jpg', 'images/user/guide/identity/pic_MHgWAPUswcwSi1G2qbCh2UcMginA7m900O9nxgViX8cUi179OBqC2nkgNhqH.jpg', 'images/user/guide/car/pic_KV4xgnfiWjq6bP1hc0Xs5qy5VYuRFgX9g22FtQ35DytJW2kVmM5rSVrs2RbA.jpg', 'images/user/guide/car/pic_I0uHa2HCha2fJoEbRhi3FIs8dQjLobqFZVG0PEh9z1IcqsZHSYfc0FCXKT3t.jpg', 20, 'images/user/guide/attach/pic_f07DpAxzzuZvZemuLodE252TO7LRFvhPiKZBeHKUcqHZI643l0BfTjBjUdz8.jpg', 50, NULL, NULL, NULL, NULL, NULL, NULL, 0, NULL, NULL, 0, 1, 1, '2020-05-18 08:14:45', NULL),
(96, 'ahmed', '01223648755', 'ahmed1@yahoo.com', 'images/user/avatar_user.png', 'male', '$2y$10$M8idRipQvaq7r5KvrGwhC.O0PUm/dL8bcwgWRTcchvzKaHK4k51bC', '2000-11-01', 1, 3, 2, 1, '055457568238', 'images/user/guide/identity/pic_jSgpQDfPc1cRLvsYxWAmFct33Yjbs0pZCDOhRmeooJnTEH3y3QEwkr0hwN9h.jpg', 'images/user/guide/identity/pic_FIIlUlUsFBgMJIXFbl033GCZF2z4IrsNbvAx5D2Ut1uZ1AYujgwj4hYIGuQ8.jpg', 'images/user/guide/car/pic_huqm4vY27yx6svw5nJYmd6JKN7shwMqfCqmo12KEfsaUfb3JS4xqnqf8cnku.jpg', 'images/user/guide/car/pic_OD5KF1U4QQCHwxgqxDWDAP70NbIZciGDWgkJp8vMjEaXzgAsinivikAUOtP9.jpg', 21, 'images/user/guide/attach/pic_pI0jLHrfKgKNVqUUAdMcwPMfZdlJ9qhmVBSAchaqn0glzLAnyZ16DKSP2xqB.jpg', 50, NULL, NULL, NULL, NULL, NULL, NULL, 0, NULL, NULL, 0, 1, 1, '2020-05-18 08:19:38', NULL),
(97, 'ghfdgv', '053528588888', 'fhg@gj.com', 'images/user/avatar_user.png', 'male', '$2y$10$vImOn1F1SFzszEVOOjEpC.dy6Lsrb3KZnFBN/DF.sXq9nMaFcv2UO', '2000-01-01', 1, 3, 2, 1, '02686555555', 'images/user/guide/identity/pic_I1dqFbI9kKaou6BtyoykmlgS79bw7M6WwC5cZtb6gdE3VGkfnGlZ4V0OG0e1.jpg', 'images/user/guide/identity/pic_zLtDO2Lu4nEarEzjVsAMvilig1ZQiUL5pRkqFRzzk7TyHIk5K12JfVTdnYcq.jpg', 'images/user/guide/car/pic_immIpcmMHUd9MrvAPFJJ9bZtCeqQbgaunCCLNxvFgYQl7coKQytDDqMviKpp.jpg', 'images/user/guide/car/pic_dQQYfGvw089vTRBJQ2HiPRbCgHwTiyLiHXiRe5kMf6IyQZu6hx64vKOzpmtl.jpg', 22, 'images/user/guide/attach/pic_iZQNMzle5rA5b64ioIIXKOnFRwJEtEs5hpjgAIRD1upwmxUZRqP9DrzJGgdM.jpg', 50, NULL, NULL, NULL, NULL, NULL, NULL, 0, NULL, NULL, 0, 1, 1, '2020-05-18 08:29:04', NULL),
(98, 'yasser', '13243443', 'samar1233@gmail.com', 'images/user/avatar_user.png', 'female', '$2y$10$Tiwf/8p/oZZZDh/G2BdXROlN66TpDbpxe.DVXDqBUZSEOF2k4q3x6', '2020-05-20', 1, 4, 1, NULL, '875689756854', NULL, NULL, NULL, NULL, NULL, NULL, NULL, NULL, NULL, NULL, NULL, NULL, NULL, 0, NULL, NULL, 0, 1, 1, '2020-05-18 09:03:06', NULL),
(99, 'test', '3423435', 'samar122@gmail.com', 'images/user/avatar_user.png', NULL, '$2y$10$HY8ZH3ZQUcPEVp08NBL1DuLT9E.W4fTAT31AyzCFULFaKXTP3FadC', NULL, 1, 2, 3, NULL, NULL, NULL, NULL, NULL, NULL, NULL, NULL, NULL, NULL, '44 El-Fakharany 532, As Soyouf Bahri, Montaza 2, Alexandria Governorate, Egypt', 'images/user/company/registration/pic_VVM8s63uiWWLJ783WWl1PD5uXAAHs5BRgDqLWgVYRlkMD75mi0WreI5DVuDa.jpg', 'gff', 'yasiri@hotmail.com', '68767678', 0, NULL, NULL, 0, 1, 1, '2020-05-18 09:06:21', NULL),
(100, 'asff', '01559104544', 'ffgh@hhj.com', 'images/user/pic_iCWnmmbTJaMU6WgNVhY50CeE4YzGvf4HGdHNDIJAIRvuj34zf7HBxz0iICvi.jpg', 'male', '$2y$10$Qo3Un56b/Hb5doAV9KNtSuXx4GRSe410XfCDwq8DzylNxsftMQlUO', '2000-01-01', 1, 3, 1, NULL, '1234567891', NULL, NULL, NULL, NULL, NULL, NULL, NULL, NULL, NULL, NULL, NULL, NULL, NULL, 0, NULL, NULL, 0, 1, 1, '2020-05-18 09:57:59', NULL),
(101, 'fhh', '01223154844', 'fgh12gg@gh.com', 'images/user/avatar_user.png', NULL, '$2y$10$soOtQ/iGO3rpFHHHhD6qzOxZmN1OstPWusY03i65uflILUTCPTnAm', NULL, 1, 3, 3, NULL, NULL, NULL, NULL, NULL, NULL, NULL, NULL, NULL, NULL, 'st,tss,st', 'images/user/company/registration/pic_J2QLcToFmxyAZdeTWvFVqw3XsBFYLTiTHQsnNhvO1OdGouLqnkccy4nsSiYG.jpg', 'fgh', 'gh23@gh.com', '66580866655', 0, NULL, NULL, 0, 1, 1, '2020-05-18 11:46:40', NULL),
(102, 'fhhc', '80554465708', 'fhh34@gh.com', 'images/user/avatar_user.png', 'male', '$2y$10$CPdnVu/wVaW2VbIDrqltoumWuMNOQj7xYyK8neiqeMGo88CFxYaNm', '2000-08-01', 1, 3, 2, 1, '835893558658', 'images/user/guide/identity/pic_nFe1tyoiLZT5qnksTGzadAF6j4RIBg2vlDDrdG9ncXTm43JEk3QxQrVACJDA.jpg', 'images/user/guide/identity/pic_egu7kctHCASyawwy8j4QtY4YijcXAOlJq4zVmzs73c34HRkxgPMeNtdpkR2x.jpg', 'images/user/guide/car/pic_biX4nCbd58Yt3sX6fIb6a5itmWSBBTNq54j9NuKUvwxz7QpIrAqw4dt6x4Ql.jpg', 'images/user/guide/car/pic_UxvFb6icZvPV49Rc95zDd5Z4KS5eUYDT7jW2kre4emHM9NRyiPHaailrCfLk.jpg', 1, 'images/user/guide/attach/pic_WsbrVWEVkzvY1qbetISDzU1g9FhjPUm3CcmIEkK0OaRocSvpEsfvAVuGwFCx.jpg', 58, NULL, NULL, NULL, NULL, NULL, NULL, 0, NULL, NULL, 0, 1, 1, '2020-05-18 11:49:03', NULL),
(103, 'edit', '122143', 'edit@travexer.com', 'images/user/avatar_user.png', 'male', '$2y$10$CfPFTUb0tLxVrZKCRoufI.EZtJs.5KXKUnmOiTVOn40k8XJsh/Qye', '2020-05-12', 1, 2, 1, NULL, '436456457567', NULL, NULL, NULL, NULL, NULL, NULL, NULL, NULL, NULL, NULL, NULL, NULL, NULL, 0, NULL, NULL, 0, 1, 1, '2020-05-18 12:54:00', NULL),
(104, 'ML', '01663542196', 'dhs_h@bdb.djd.fh', 'images/user/avatar_user.png', 'female', '$2y$10$rkGkaHtc9jAzZ/M4uL28dO1oxFfXaIz/3/eW2Sl0AEeQfSDoZUMBi', '2000-01-01', 1, 3, 1, NULL, '1234567891', NULL, NULL, NULL, NULL, NULL, NULL, NULL, NULL, NULL, NULL, NULL, NULL, NULL, 0, NULL, NULL, 0, 1, 1, '2020-05-18 14:02:58', NULL),
(105, 'test', '00000000000', 'tEst-1@hdd.dhx', 'images/user/avatar_user.png', 'male', '$2y$10$dkVkcoWO/AUp/xDFS5gcoe2Wq6BdUmrKeoGtjnZIMfpd1Oj.1/LiK', '2000-01-01', 1, 3, 1, NULL, '1234567891', NULL, NULL, NULL, NULL, NULL, NULL, NULL, NULL, NULL, NULL, NULL, NULL, NULL, 0, NULL, NULL, 0, 1, 1, '2020-05-18 14:10:10', NULL),
(106, 'comp', '77777777777', 'vshd@ggh.djf', 'images/user/avatar_user.png', NULL, '$2y$10$H1TbnklpY4p3FEwYPplp3eJdhf/8JNdAYRo7plx2gYBtCtXj.Dxay', NULL, 1, 3, 3, NULL, NULL, NULL, NULL, NULL, NULL, NULL, NULL, NULL, NULL, 'st,tss,st', 'images/user/company/registration/pic_uUDYgOHgeftESDqCxYpeGtLoHVtNIslWB8PnjlC7FWhdQKGURpT4JXfl6cfb.jpg', 'shs dhd', 'dhdh-djdj@hdh.dh', '77777777777', 0, NULL, NULL, 0, 1, 1, '2020-05-18 14:15:59', NULL),
(107, 'sbdbd', '88888888888', 'dhd.dhd@hhd.fj', 'images/user/avatar_user.png', 'male', '$2y$10$A5fvDGu9kEFu0fklabgKKunbYf2H6Fg1hqrOBMLRynBTiJdIfoVgq', '2000-01-01', 1, 3, 2, 1, '54844548422', 'images/user/guide/identity/pic_V6rJJvSs05DoSQQYwMymyfLAvwRgnzvJqa9ukRKKiy6j5zEiJPMVPp2Ywe9w.jpg', 'images/user/guide/identity/pic_IajffvXfX892FwhVKFKU1zVZ0xsJDEB8qcE7IEvMhQlXuFLawI6cBKI8B25W.jpg', 'images/user/guide/car/pic_60x5bODBjS3xlbWduKU5kvmlzI3e7KphpUXtlc0rTgWGkwlPTXmvcC1koIhO.jpg', 'images/user/guide/car/pic_8YWoXBzQwzVxX0yeNVGvIGxun7Ad7ToghNxupYsZRVIgnkeuOjvQPqbTxsCV.jpg', 1, 'images/user/guide/attach/pic_wKzRCfMY6yxKqygRjIsTEftUh1myNTKhH08841kciy2dSh0bJt7X0Fd2eOiV.jpg', 55, NULL, NULL, NULL, NULL, NULL, NULL, 0, NULL, NULL, 0, 1, 1, '2020-05-18 14:20:12', NULL),
(108, 'بتبن لنبوب', '99999999999', 'sgd@hf.dj', 'images/user/avatar_user.png', 'female', '$2y$10$Li92wXM2SmI9Nwzh4Uf6IOV8nZomFGU1pgy86wBIkOduOPBXI2LVC', '2000-01-01', 1, 3, 1, NULL, '1234567891', NULL, NULL, NULL, NULL, NULL, NULL, NULL, NULL, NULL, NULL, NULL, NULL, NULL, 0, NULL, NULL, 0, 1, 1, '2020-05-18 14:31:25', NULL),
(109, 'شركةد', '66666666666', 'd1fbdh@ABF.hd', 'images/user/avatar_user.png', NULL, '$2y$10$Q6KDcT2YsS65AoOjTaVua.L7n7td30DVVPKEQtKzDiQeX7bendw8q', NULL, 1, 3, 3, NULL, NULL, NULL, NULL, NULL, NULL, NULL, NULL, NULL, NULL, 'st,tss,st', 'images/user/company/registration/pic_JxMpHpJs0sLiUYxDQIvrP7JEsrZQAwVN28nnqBX8NDYmdlswcmA6EuJdpGWD.jpg', 'السركة', 'bdbs.sbs@gh.hn', '66666666666', 0, NULL, NULL, 0, 1, 1, '2020-05-18 14:33:48', NULL),
(110, 'بربذي', '44444444444', 'sgvs-sh@dhx.dh', 'images/user/avatar_user.png', 'male', '$2y$10$9YeZGZ1.IvFlzo3n0RJsNuOmjFlKUAbiQrsSrUmVnrkwy3gjyKx42', '2000-01-01', 1, 3, 2, 1, '4548154315', 'images/user/guide/identity/pic_UesNI8OqdE6De03kIAeFruZasPfblWvhMsDblxsvI1ZWek9UyYpwmy4RCifo.jpg', 'images/user/guide/identity/pic_kJMBmGBY7U7tyulnPXaQoilqw5h8sYr8G7rerIVe4lxeqlMadoW98Jttn2Tj.jpg', 'images/user/guide/car/pic_jRNlONCq4gDAYRimJhKA842T7T2EgnaBcHr4DgGOgooVZikeZ6pGmIg4Gt4V.jpg', 'images/user/guide/car/pic_JVaiZGUHLjnwddVt3Wr3DK3RoXpAZz07CJ4a9NzRyNVua4k5bNIJbfqISdkg.jpg', 1, 'images/user/guide/attach/pic_CG6HSe3sLat1cjqyVNioi4EssYf8LApsUtlAKJxCMECbWg5NZVcKgFEQPBAa.jpg', 58, NULL, NULL, NULL, NULL, NULL, NULL, 0, NULL, NULL, 0, 1, 1, '2020-05-18 14:36:34', NULL);
INSERT INTO `users` (`id`, `name`, `phone`, `email`, `image`, `gender`, `password`, `birth_of_date`, `country_id`, `city_id`, `type`, `nationality_id`, `national_identity`, `front_national_identity_image`, `back_national_identity_image`, `front_car_image`, `back_car_image`, `service_id`, `attach_field_image`, `price`, `description`, `company_location`, `commercial_registration_no_image`, `contact_name`, `contact_email`, `contact_phone`, `wallet`, `api_token`, `token`, `is_join`, `active`, `default_language`, `created_at`, `updated_at`) VALUES
(111, 'cooompany', '0123456789', 'comapny@irondot.com', 'images/user/company/pic_Mg0lw2F75XnYyzce3t0mdKTBZI54ue1eHSMG4sJ4zTrvR4ICsprFY9MEyRjC.jpg', NULL, '$2y$10$RhgxbGMeUneub3.ebIEn/.Kr/8OuEKfzG90vWIBa02HtwgHz7Y2W.', NULL, 1, 2, 3, NULL, NULL, NULL, NULL, NULL, NULL, NULL, NULL, NULL, NULL, 'test address', 'images/user/company/registration/pic_KMTu5AusZMg3BUHwrins36983TBKrAgJsXbz9qR8BwM5EShXgLJRAxRT3bgP.jpg', 'testCompany', 'test@company.com', '872876732', 0, NULL, NULL, 0, 1, 1, '2020-05-23 14:06:57', NULL),
(112, 'sDotguideIro', '12234567890', 'guide@irondot.com', 'images/user/guide/pic_wJ3JZeeTTbf8RHQdhawKU1ddJtaJuMPwGQIEuq5IjwaF788as7lyeDCNnHlb.jpg', 'male', '$2y$10$ERuvDTBhy196VRJBmMExMuYkI5dhnsCPIdMdV9eBoGUeh.FNq0Uf2', '2020-05-13', 1, 2, 2, 1, '6787236543237', 'images/user/guide/identity/pic_RY16JpaNa1a6NxCLXs7v5XxEZDTbwPAHwAOwKaRfIf34juITH6wnwlnrNQUJ.jpg', 'images/user/guide/identity/pic_5vDeCltenEmSuVVRGwINyR1qiJBNFXBewJas698nQq5lBUIm0TdZpsfGqDUj.jpg', 'images/user/guide/car/pic_7h3AP6gmVKmQLnTDbo97ZQwDTQzcFPMQacYiMZbC6U5Pnts78IBG9JiRNd1C.jpg', 'images/user/guide/car/pic_Kf3T5WlWnCoUGGLoUohxfLNJl2drpAQKtfnzytQwDdqKsm4WF6K0u1pO644X.jpg', 3, 'images/user/guide/attach/pic_cfN7ApctLcxQoAoP2i5v8HzVj5UYdEzC18HcbXIVdjaqqMk5w5ExhVQFIsxi.jpg', 32, NULL, NULL, NULL, NULL, NULL, NULL, 0, NULL, NULL, 0, 1, 1, '2020-05-26 18:04:14', NULL),
(113, 'eGuideName', '123451762345', 'guide@name.com', 'images/user/guide/pic_1OsS2UJwD3JD3qR2mizDRgEWTL7Y7V1uJFi9zZTMreHtREM4ujHvCgadBdga.jpg', 'male', '$2y$10$.CPJJytaxo9Ou1DRyM5b.OEJ0D/8jwBx7OaGAWFFEv/k37ElpvVO6', '2020-05-21', 4, 30, 2, 1, '7676565454543', 'images/user/guide/identity/pic_BLaKOagulzQ5BikPI3Q77UdADgDtQXT8E1I90bmSa3X55fKP12nje4JE8mpb.jpg', 'images/user/guide/identity/pic_P4fCyibJnLeHU9qMnZY9RgR8ZGuW4YO91hSZ9k59dhEW32dnNSjWt6kF0kzx.jpg', 'images/user/guide/car/pic_UgGRJ34OgMp2QgcvGXBnFbYKkArUsXHb68pCB9N0SkQ2PMmjHt9ngwfcBkOp.jpg', 'images/user/guide/car/pic_qdX6w7688c0U6FYyqWjty8YBCfYFKBdXGTOJhuz7AgjlZSGh8hQN05zms3Fh.jpg', 3, 'images/user/guide/attach/pic_wdUoXaY2RTVc9ZphhsZS5FwHRqRS8P4NLaUstfluJrW11M2gaJ41VVUsyl83.jpg', 76, NULL, NULL, NULL, NULL, NULL, NULL, 0, NULL, NULL, 0, 1, 1, '2020-05-19 21:52:13', NULL),
(114, 'irondo', '0500576672', 'irondot2@gmail.com', 'images/user/company/pic_y8FKvZ9jbbN0KX1uVxr03lRVk8GgUUxA2XYd8a018suUo9J0KRYNwi7ILNX1.jpg', NULL, '$2y$10$zoEWFHYbRPZRBZNGmHlFS.0oDofbrCk8WwAl2SQv7q6qOSpNkiq.W', NULL, 1, 2, 3, NULL, NULL, NULL, NULL, NULL, NULL, NULL, NULL, NULL, NULL, 'dddd', 'images/user/company/registration/pic_0dBhHm10zKSE0SS5PYdQbFKSeqQNdoZIZXD8Cln9IT7xiDSkh7QhbRQ3Hzzk.jpg', 'dddd', 'dd@gg.com', '0505050505', 0, NULL, NULL, 0, 1, 1, '2020-05-19 12:15:17', NULL),
(115, 'ddd', '0500577772', 'j@j.com', 'images/user/avatar_user.png', 'female', '$2y$10$1imXbjxtAnZiy/5FwEvxi.vZQ1rEP7sdC8HIbqLId0ag5t1q5Tp6y', '2222-02-22', 1, 1, 2, 1, '222020202020', 'images/user/guide/identity/pic_VmmdvscjNm4RVILaFEuxPYq4wBsM8X0wTbUqEXyjZHP9vt6lFEyMmkQ2CYw4.jpg', 'images/user/guide/identity/pic_sAIolSYmbPhU8lWzD6ymK3ji3YIIGwnBO6tn5c98fw7cfr0ML6kvBSt7s1OF.jpg', 'images/user/guide/car/pic_RmSXWHLeNKXqqk3cExZaVcMmLkLmQciaoJmZRyOcxSJOgjFBPfvKvpQdzM1o.jpg', 'images/user/guide/car/pic_P5vnh5Yl7xzGOR8KJZR6eeVQoyDmJ3MCgyrs1GF2GgSFkrl2QkfpmY2Semjs.jpg', 1, 'images/user/guide/attach/pic_7Rwo4rNOPFILvit5LG3fuTEjcjWyeFxwOg3dmlVR5XK9fJ3XOcif6vAR680P.jpg', 10, NULL, NULL, NULL, NULL, NULL, NULL, 0, NULL, NULL, 0, 1, 1, '2020-05-19 12:29:25', NULL),
(116, 'الشركة hg', '058468', 'irondotco@iron.com', 'images/user/company/pic_6ARy1EnWgAkG9IXNbPjLP0qa0IhAcPwTldqv5WpfLe88G855gPf6MsZNuWsc.jpg', NULL, '$2y$10$zoL/HlGXqY7WqcSzCpiQfehORFh8HlxSpagIuyLONIGtREY4AwxYa', NULL, 4, 29, 3, NULL, NULL, NULL, NULL, NULL, NULL, NULL, NULL, NULL, NULL, 'ghgfhgfh', 'images/user/company/registration/pic_PjOxtZ8amzU7y5IEY1YGVi7uzN9L3tT6YycblQMqN5h9Cpe70Dv3dSdJaCg1.jpg', 'ب لبل', 'ironco@iron.com', '058468594', 0, NULL, NULL, 0, 1, 1, '2020-05-19 21:21:20', NULL),
(117, 'yasser', '+966583596005', 'yasser69031@gmail.com', 'images/user/avatar_user.png', 'male', '$2y$10$Q5OoVMjoBsu0EZG.ynfODuKo7RjijKoLIhYs51fnBkYL/fuppHDEC', '2000-01-01', 1, 3, 1, NULL, '1234567891', NULL, NULL, NULL, NULL, NULL, NULL, NULL, NULL, NULL, NULL, NULL, NULL, NULL, 0, NULL, NULL, 0, 1, 1, '2020-05-19 20:28:07', NULL),
(118, 'TestCo', '0583596006', 'testco@travexer.com', 'images/user/avatar_user.png', NULL, '$2y$10$1apNEV4ypBiYNxxdO.chkuL/ACxwKJI2gSts7/09yjTPzDyO0LFUm', NULL, 4, 29, 3, NULL, NULL, NULL, NULL, NULL, NULL, NULL, NULL, NULL, NULL, '7310, Al Sadad, At Taif 26515 2803, Saudi Arabia', 'images/user/company/registration/pic_CnkDSjjGGRUFDqLb5FbDZORuggBAKt6fq0FFVCQ70Rv8IMblgPq11D9Hcsfp.jpg', 'tester', 'tester@travexer.com', '0583596005', 0, NULL, NULL, 0, 1, 1, '2020-05-19 20:35:40', NULL),
(119, 'gtest', '0583596007', 'gtest@travexer.com', 'images/user/avatar_user.png', 'male', '$2y$10$WbXjlpd3Xcd8zDvI4SfaSeUIAMjL1j7qMRqLQCWsC1afrel4jNTBW', '1967-06-06', 4, 29, 2, 2, '1011234567', 'images/user/guide/identity/pic_CZ6qgyePibrQlA7JkeDbSAtNcS7NMR0cG7E2O8alHZWOO775ZlNSKteOHkQE.jpg', 'images/user/guide/identity/pic_qhu3PBcK2GHO9cwQsfQCXTwjByLH4Nj8qwi3eaclsbcH0JPVA4wZRWq64DWZ.jpg', 'images/user/guide/car/pic_oiGQhgEWWHLdHE7LaCE3v8J6fNmadSGq1jevuT7IMNsjHjIT2wbvejLMLO17.jpg', 'images/user/guide/car/pic_3NzKXl3MIadXCPTE6VUVE7oRbb36FEL4QN2Ec1xSzNOwmp5vfiJibrMbnW3D.jpg', 3, 'images/user/guide/attach/pic_qFpSZWZwStgmlajdd2UqZd1AKCWtq6WKs0mSq6czNDWtrWxr6XUgcjcuI9RP.jpg', 20, NULL, NULL, NULL, NULL, NULL, NULL, 0, NULL, NULL, 0, 1, 1, '2020-05-19 20:38:27', NULL),
(120, 'dfdfd عتاع', '121550', 'gv-7g@gvhg.hb', 'images/user/guide/pic_5XUu3n4BruDQjBbTOdPdZrHObg3cBmbEfsvQEpOgYF0hvoukdKiNEbza5Dre.jpg', 'male', '$2y$10$9stoD4HSivsC0i/ij.2qNeU2OAol.ixyGUxP0VIvLb4CwvNAd.wAK', '2010-01-10', 1, 2, 2, 2, '65644848484', 'images/user/guide/identity/pic_pcZSuLZv6vnQchUhrMjVIDqvG7sdFMy4i6dTqHKRNOsgOMfeqpMged33syNw.jpg', 'images/user/guide/identity/pic_GiOu7wF2xlBODz7lvwk1nwPT2iDkd3qzJhbjh223wGLc9YR8760uQwyB4UhZ.jpg', 'images/user/guide/car/pic_rJ4ZwK1dLo4fiRGurgbmLa4F3wXkicxGX6L5CQ4w1PIqPeTPP2V7xZhaDZ98.jpg', 'images/user/guide/car/pic_phTI3MEJr2kKrIDO5dzJ5K7i26DAVSjY1gqitmT9ENAoFH3RD1CVtNtcyz72.jpg', 3, 'images/user/guide/attach/pic_S4bbhbWSDR80AZs2er43Fp2SssHYzv4eENN661fYbKCcnGEK3l2HGAUjKwzn.jpg', 528, 'kk niji', NULL, NULL, NULL, NULL, NULL, 0, NULL, NULL, 0, 1, 1, '2020-05-20 09:07:57', NULL),
(121, 'testSamar', '098987876', 'samar@test.com', 'images/user/avatar_user.png', 'female', '$2y$10$mcF2uwNGZRliNwom6XZQy..l0ZyFM6oOop76qgYHcv5kC.eEkZ06a', '2020-05-14', 1, 3, 1, NULL, '32453456464', NULL, NULL, NULL, NULL, NULL, NULL, NULL, NULL, NULL, NULL, NULL, NULL, NULL, 0, NULL, NULL, 0, 1, 1, '2020-05-20 10:46:27', NULL),
(122, 'shdh dhh', '45116443581', 'shnd@hhf.dj', 'images/user/avatar_user.png', NULL, '$2y$10$ObU4ZWkU4hyK/Cw61yCeyu5QRyWTBXMD/V5f/3IcctsxbRXBTUiny', NULL, 1, 1, 3, NULL, NULL, NULL, NULL, NULL, NULL, NULL, NULL, NULL, NULL, 'st,tss,st', 'images/user/company/registration/pic_F9N2M8P464zZ3HcXB474ZB7tWsuq3HKfqFYiGR0HBmw1FZrbTon5iemrk7kA.jpg', 'bdjd', 'dbxh@hhd.fjf', '45113266454', 0, NULL, NULL, 0, 1, 1, '2020-05-23 07:42:40', NULL),
(123, 'ahmed', '01229114844', 'ahmed1234@yahoo.com', 'images/user/avatar_user.png', 'male', '$2y$10$zid7O5l.bNx0J1Oe7V7qfeq/EOB/TOisfN1VAbV8OX/m4IaECbS.G', '2000-01-01', 1, 3, 2, 1, '9568686889956', 'images/user/guide/identity/pic_B8I3m1QahVYtGi2rUFeEiU12mpUz8U8hhQ0NzYxu9IldwY8HCo666SC2JPQj.jpg', 'images/user/guide/identity/pic_jjeJMtkLYGQwsY1qyVNwmYgsg3yunbVSph40M0U1tebrZhUmsmWFqRBa3Bdv.jpg', 'images/user/guide/car/pic_vuSQwQPXPmT01zXKwWHercj5AnA35ZgMbY1IaXt5KeFmFucZ7cVRWayrATMj.jpg', 'images/user/guide/car/pic_G3C9pE8KyQQ5Au2loEtbTHotkfpVz3du8ufRkle8PkVOV38OD7kwIjFu48uW.jpg', 1, 'images/user/guide/attach/pic_y7BlHEZCWGHaHF1ie4xV2tnCzcvGmlGHFbEdYGAW4nUcvL92PiuyeGcuISxf.jpg', 50, NULL, NULL, NULL, NULL, NULL, NULL, 0, NULL, NULL, 0, 1, 1, '2020-05-23 08:03:41', NULL),
(124, 'fjdbfjd fdf', '18009775482', 'dfd@debfj.fd', 'images/user/avatar_user.png', NULL, '$2y$10$Z4QUvhqEzA0rlXfp0ZDtWOPWCZNU8JSorfIiSCJCYX1.U0Q.QjsPq', NULL, 1, 2, 3, NULL, NULL, NULL, NULL, NULL, NULL, NULL, NULL, NULL, NULL, '40 Frome Ahmed Barakat, As Soyouf Bahri, Montaza 2, Alexandria Governorate, Egypt', 'images/user/company/registration/pic_hZQ4NXt75Gc2hUohp8jhltpl8suNAdpaXAoPUzXfyyrd0gptU4RXZW8zjYOC.jpg', 'dkfd fdf', 'fdbfjd@fdf.fdf', '48555', 0, NULL, NULL, 0, 1, 1, '2020-05-23 08:21:12', NULL),
(125, 'fefe gdg', '4561852945', 'dsds@fdf.ds', 'images/user/avatar_user.png', 'male', '$2y$10$e0JTOm8cgHT6fZJ7XxbYwueeZGlKlKcwAcptNtW.byOG5bW5.XwlK', '1982-06-15', 4, 30, 1, NULL, '5478164853', NULL, NULL, NULL, NULL, NULL, NULL, NULL, NULL, NULL, NULL, NULL, NULL, NULL, 0, NULL, NULL, 0, 1, 1, '2020-05-23 08:23:48', NULL),
(126, 'hghj jhjhjhjhjh', '5846448745', 'hghg@gvfhg.yhfy', 'images/user/avatar_user.png', 'female', '$2y$10$MxjMSYL82my5mLL.VvQXF.c0.tzo8z7eLsa8cJr27p/BHavxazzXS', '2015-11-11', 1, 4, 2, 1, '15454545451', 'images/user/guide/identity/pic_BnnRYoALAIgi490qbrTXtxY416dAiz3pyGDi2Od22lEtnm7z73FSN967dX2w.jpg', 'images/user/guide/identity/pic_zeaCAe3YmBIvXXOJE9tkf9sPnz3K39ClBQbIpWYjO84ujgxNia6Bt0B8WpZa.jpg', 'images/user/guide/car/pic_I1HHPXfQGBEaw3pSPJgGFiVVZTSSgubGY6QxjRG1KmXqgklEtPQoeXGAG5hf.jpg', 'images/user/guide/car/pic_cCP0z9MBBR72XszTtOrVOweyem2bpTbChLXtyHdS3PH3GBvrsxinSfeaxIix.jpg', 1, 'images/user/guide/attach/pic_duVlRDa6ecvWXXuslBJlb4YstxTOeg9KxDrMKo0z6jx2F8dTK6yVLrqW9lLA.jpg', 80, NULL, NULL, NULL, NULL, NULL, NULL, 0, NULL, NULL, 0, 1, 1, '2020-05-23 08:26:46', NULL),
(127, 'gjfgfvr gfdg', '1555544584', 'fdd@fdf.gfA', 'images/user/avatar_user.png', NULL, '$2y$10$OTR8tCLwgU2scul0CSefUO467URJ2AW10Kw.rhHaBW.I3WhxVcrsi', NULL, 1, 3, 3, NULL, NULL, NULL, NULL, NULL, NULL, NULL, NULL, NULL, NULL, '40 Frome Ahmed Barakat, As Soyouf Bahri, Montaza 2, Alexandria Governorate, Egypt', 'images/user/company/registration/pic_2J3VwsIaYUFyaMFRRp0PblpRbwAg7asn4mwQxRN8C04ohoE1UburMbxnStbT.jpg', 'fdkjjkd gfg', 'fdgfd@fdfd.gfdg', '45552', 0, NULL, NULL, 0, 1, 1, '2020-05-23 08:33:15', NULL),
(128, 'samarC', '098987765654', 'samar@company.com', 'images/user/avatar_user.png', NULL, '$2y$10$kjveA9qbuEnAEDC0ZHv8XuBrdqInSqPF4x0qZpuJIJhifJG1patxG', NULL, 1, 2, 3, NULL, NULL, NULL, NULL, NULL, NULL, NULL, NULL, NULL, NULL, '10 Mohammed Refaat, As Soyouf Bahri, Montaza 2, Alexandria Governorate, Egypt', 'images/user/company/registration/pic_Hm3FfmkIhQaA8bD3s3dNVq36px2W4pO8GXHj447KuEfJbtZLcxt9KZj3LWyu.jpg', 'testCompany', 'test@company.com', '87676556564', 0, NULL, NULL, 0, 1, 1, '2020-05-23 10:28:11', NULL),
(129, 'hvhh hhh', '4583582556', 'jbjj@fdcf.gh', 'images/user/avatar_user.png', 'male', '$2y$10$LgtOtd9umz/qvmOLu1pvRe2uOFe12GRJYeyWWLwzPlu9vRNmqzuR.', '2017-07-25', 1, 2, 2, 1, '45648485568', 'images/user/guide/identity/pic_gMRy5PDm3beGcAB69smuVZv4j0mJqmSJJ6LcfpG3VhX5CMGvN5t54aIK1Scv.jpg', 'images/user/guide/identity/pic_9xjouGeRpkCb8vX3eJn1yEm303f5KHXz62mNavja6aFHcm2LBLVkLe8KVN3Z.jpg', 'images/user/guide/car/pic_Gx6Z2F6uClSE7KFeoJFvIzQqSlsjQ8mgTdS1ej0Z8OIWSnDKCkPTESYvXXTI.jpg', 'images/user/guide/car/pic_ucwGRKS8gAXrd5NQKeef6yMxXs5RDueRScWY6FTTsjY0bZwoPMlAlxrc3MdX.jpg', 1, 'images/user/guide/attach/pic_bNnkjIDzLHj2YVCRXzJEUYK1b8xPIkmFEHxeIaqnXgCYaXhVyBeu0JkDxawA.jpg', 596, NULL, NULL, NULL, NULL, NULL, NULL, 0, NULL, NULL, 0, 1, 1, '2020-05-23 10:41:07', NULL),
(130, 'jhjbj jjj', '4584545422', 'jhujh@gfg.vg', 'images/user/avatar_user.png', NULL, '$2y$10$hCuvGak4Lp7pqGuVoi4KSOJmsDqqL0JflRHf/BqGF1BYaQYWANxMK', NULL, 1, 2, 3, NULL, NULL, NULL, NULL, NULL, NULL, NULL, NULL, NULL, NULL, '40 Frome Ahmed Barakat, Sidibishr, Montaza 2, Alexandria Governorate, Egypt', 'images/user/company/registration/pic_StDpqrOP5Hhp9QWCnEKSeZz9yhdkJAw6iY8Z6mC65ZrH3aF3JE6bluz07Zgn.jpg', 'kniki', 'bjubuj@fgd.yj', '4454545454', 0, NULL, NULL, 0, 1, 1, '2020-05-23 10:44:26', NULL),
(131, 'khkhu', '5485784545', 'jhk@hfghf.jh', 'images/user/avatar_user.png', 'male', '$2y$10$Jjok46j9bniSiL5Aj9sGvu/aFgEKxIljpznIQvt1P4B5mNUa9qfkG', '2020-05-13', 4, 29, 2, 1, '4846554548', 'images/user/guide/identity/pic_k5kovPSfjp4hwGfR9ULiT6Rd1DJpSAlUt0qwNBlFfS5zcGyfe73sjnutsG5k.jpg', 'images/user/guide/identity/pic_YVu59ZGC8TtqnIiXdoiEknO0Hsa3o3IWxeH3jDOYzAr1lBdRwLpetapLhVGz.jpg', 'images/user/guide/car/pic_EHNa8ar7H3BxK2xRDjWhBian1aytQcch9bhKqpYJijKpKTWRR7YvWWsNYrcr.jpg', 'images/user/guide/car/pic_5vsPlnyUcVDWx2If6B6o2RzgL57QEhhyD7rXKw83KxIUPWaKvosrIq16PLO1.jpg', 1, 'images/user/guide/attach/pic_KjFyheTv0PHxl8ovc03TeHy7izliTEKufpydVkga6vckeXQoncBS1xcjH9LX.jpg', 22, NULL, NULL, NULL, NULL, NULL, NULL, 0, NULL, NULL, 0, 1, 1, '2020-05-23 10:46:58', NULL),
(132, 'bhhjh hbh', '4888888878', 'njjbj@ghfh.jh', 'images/user/avatar_user.png', 'male', '$2y$10$MocN8dzY.IYjMar3v1Y2o.sdqwwYhNQYjzG5wv9D8QwSF3FVcfgfi', '2020-05-29', 1, 1, 1, NULL, '888784545455', NULL, NULL, NULL, NULL, NULL, NULL, NULL, NULL, NULL, NULL, NULL, NULL, NULL, 0, NULL, NULL, 0, 1, 1, '2020-05-23 10:49:10', NULL),
(133, 'muhmmed', '05005767790', 'bb@b.com', 'images/user/avatar_user.png', NULL, '$2y$10$G819mdx9JTSkyVqiO//cIuoYY47lt60v340.xnpwX2DAvTvKJWzju', NULL, 1, 2, 3, NULL, NULL, NULL, NULL, NULL, NULL, NULL, NULL, NULL, NULL, 'أبو اليزيد البحيري، طنطا (قسم 2)، طنطا، الغربية،، Tanta Qism 2, Tanta Second, Gharbia Governorate, Egypt', 'images/user/company/registration/pic_qJxLz4FzwbBZLLb2eGMrlkgpkK1lVLIjdHeWpTUr8DQHE82Ub3Tm2haJlt7t.jpg', 'mdmdmdk', 'nn@n.com', '0500576772', 0, NULL, NULL, 0, 1, 1, '2020-05-23 11:01:54', NULL),
(134, 'HassanG', '012722522168', 'hassan.alex26678@yahoo.co', 'images/user/avatar_user.png', 'male', '$2y$10$rPU9K.3n9eU.qlpy7zeabu7.P7kn.dbJGLZ35ypC4paHf180XODoa', '1996-10-31', 1, 3, 1, NULL, '1234567891', NULL, NULL, NULL, NULL, NULL, NULL, NULL, NULL, NULL, NULL, NULL, NULL, NULL, 0, NULL, NULL, 0, 1, 1, '2020-05-23 11:08:06', NULL),
(135, 'Amal', '7774441110', 'Amal1@xyz.com', 'images/user/avatar_user.png', 'female', '$2y$10$sIuSBthwhSLOhbmcJldnzuCdSL7cps7GLBYAVOTI7W9RiaiO6neZW', '2007-07-12', 1, 3, 2, 1, '45484545454', 'images/user/guide/identity/pic_GD7hfZL9n26VVvA7QdMQGHkRBgYXhz9IvrOlUSrx3xb40zpLhXUX14EIVUZh.jpg', 'images/user/guide/identity/pic_b1nqV9kpQy4biL9O4NrNMVt7ysxoWAnTHLCMdz2Y6Y9nOaECNvMdLoxHLLwd.jpg', 'images/user/guide/car/pic_HhNKK9IGuduJy3yavEw2fQEGGpdBYaQKvkntrMwheEfAPT3UNbCBwzOBWIGm.jpg', 'images/user/guide/car/pic_KpxklWEzHs6cvMa1DXEG8dNlzKw8wBOmOWmuksubIalrnEof0JxujhHU8AOW.jpg', 3, 'images/user/guide/attach/pic_D7wiwFvLcAQz9clT6Z2ISBFTxgz0000nTRQWKtP6hGzXMppLLdSNXnDKVw5k.jpg', 20, NULL, NULL, NULL, NULL, NULL, NULL, 0, NULL, NULL, 0, 1, 1, '2020-05-23 11:23:54', NULL),
(136, 'ease', '2156525552220', 'dsmhbd@kjcb.com', 'images/user/avatar_user.png', 'male', '$2y$10$CpMpO.REnUORcVI4BjctAeEaEFWBX4/fwf1eBQbizEqCoYtAG5Aqe', '1996-10-31', 1, 3, 1, NULL, '5465651653', NULL, NULL, NULL, NULL, NULL, NULL, NULL, NULL, NULL, NULL, NULL, NULL, NULL, 0, NULL, NULL, 0, 1, 1, '2020-05-23 11:47:33', NULL),
(137, 'ahmed', '012291048445', 'ahmed@123451.com', 'images/user/avatar_user.png', 'male', '$2y$10$QNPIM9xoAnpjdM4K47lAFe3GC1vrZe82h82R/Sv.UyYhzsFMNuzVW', '1997-07-29', 1, 1, 1, NULL, '1234567890', NULL, NULL, NULL, NULL, NULL, NULL, NULL, NULL, NULL, NULL, NULL, NULL, NULL, 0, NULL, NULL, 0, 1, 1, '2020-05-23 12:09:29', NULL),
(138, 'fjg', '08568688955', 'fhh@hjj.com', 'images/user/avatar_user.png', 'male', '$2y$10$CyRoQB/9gKyFyujO1sPaAOxrXuRi0W49YcVlLzPmiA4vxB3qMX0qe', '2000-01-01', 1, 1, 1, NULL, '88558558585685', NULL, NULL, NULL, NULL, NULL, NULL, NULL, NULL, NULL, NULL, NULL, NULL, NULL, 0, NULL, NULL, 0, 1, 1, '2020-05-23 12:12:00', NULL),
(139, 'gjh', '05567898898', 'djg@yj.com', 'images/user/avatar_user.png', NULL, '$2y$10$RM8/g7MJTFom7aJHKYZy6ewUTC43Nwbpnp1I4a8r7IQaqTo54l4z.', NULL, 1, 1, 3, NULL, NULL, NULL, NULL, NULL, NULL, NULL, NULL, NULL, NULL, 'st,tss,st', 'images/user/company/registration/pic_y4PU1GiKMltfg0diZCWyMxB5NNfblKCzyjboYf1QXLrFs1gQAPi0jlGiAMoh.jpg', 'gjffh', 'chjn@hjk.com', '9655884565', 0, NULL, NULL, 0, 1, 1, '2020-05-23 13:04:06', NULL),
(140, 'fhg', '0568585858', 'hfhh@hjj.com', 'images/user/avatar_user.png', 'male', '$2y$10$UzMGycdmkY0LfrHHszh6v.tjiy4HS6/er4qYdC6485pZKNQXq.txW', '2000-01-01', 1, 1, 2, 1, '869898985868', 'images/user/guide/identity/pic_PGBzxgVf7H4z52btpuHw03hkjIzd9mvPFDPqoZSQjIKiJgUFNHO4htEoSExR.jpg', 'images/user/guide/identity/pic_GCTtRVlisOIQENjAsUv7heZxZFFlO4IP4QFbRAyKyKpCMPMiyZ3AvEeNClrv.jpg', 'images/user/guide/car/pic_CJSr0BN6KyKNF6JqSwTEbWSoEz3plKdgE3NHYHCogh0QF31DEAZXUbA6SwrO.jpg', 'images/user/guide/car/pic_IYzMI74uxtVNrskiuGHVBLY6ktWWTh70ThmpOb5MDDk5qE1fZMgEB6qzmdL0.jpg', 1, 'images/user/guide/attach/pic_4ker1J7gkcyheDHalNUP9uoTgI8ntUGNB67SFKaFHk0NZDjtWyo0zWjnV0rA.jpg', 80, NULL, NULL, NULL, NULL, NULL, NULL, 0, NULL, NULL, 0, 1, 1, '2020-05-23 13:06:58', NULL),
(141, 'يرتييو', '45116445325', 'dbdb@hdh.dhd', 'images/user/avatar_user.png', 'male', '$2y$10$2PnV2w0etGIBeh.WI8ruHOlwPpzqIpby8guGWlG5ihaj/WDVcFFHS', '2000-01-01', 1, 4, 2, 1, '8488484848', 'images/user/guide/identity/pic_hxbDfAVeTGXfimxzppMz3UZrPpXlmsak7miatkoz0kt6GZeO68j6DVNTVVI7.jpg', 'images/user/guide/identity/pic_1UJhHEnPSFss4oqanCVVJFeiEg0J06fEaWYPRHMw1MNuYlQT3fWbju9n7BYo.jpg', 'images/user/guide/car/pic_qVlylCVDSuwcwzC2Vp2gA3m2idf9FfV5e4V6NQW1CLYBsD52fUvyX9u9Npoj.jpg', 'images/user/guide/car/pic_trfYQ8x2EckfIS5Je8sIPDeeLBKljZFqkhmwJbt6HW8Qxptb4BsXfDDw6w05.jpg', 1, 'images/user/guide/attach/pic_A0aY1uyqGXOyypkdFAFHEhohdJW6hXWgBD24Vc2rJJ6jsa8Sc72WFzq2bUEZ.jpg', 50, NULL, NULL, NULL, NULL, NULL, NULL, 0, NULL, NULL, 0, 1, 1, '2020-05-23 13:19:50', NULL),
(142, 'muhmemd', '0500576444', 'kk@kk.com', 'images/user/avatar_user.png', NULL, '$2y$10$oL18vFBTqonA19zIpQiYJuDz2NzY3lzJ5Z28F2mWAzs54TNJMVtZO', NULL, 1, 29, 3, NULL, NULL, NULL, NULL, NULL, NULL, NULL, NULL, NULL, NULL, 'st,tss,st', 'images/user/company/registration/pic_vCXq77ctcXIC42ymO0FV2UWjZDKgwa3h0FPs37n5pjZNVtQARld3PbELwAOP.jpg', 'jfjddj', 'mm@mc.ox', '050404846446', 0, NULL, NULL, 0, 1, 1, '2020-05-24 01:54:14', NULL),
(143, 'nxnxn', '05040404485', 'g@g.com', 'images/user/avatar_user.png', 'male', '$2y$10$TJC1UofzFGCqPNISPogY1.sm14Jkk1hTlWghrobtGtcDa/s6evdei', '2000-01-01', 1, 1, 2, 1, '849494944949', 'images/user/guide/identity/pic_34ylPhgiuKLUaQeRpUmKTLVYqBMexVZyyxHoZf2VwhQYFrT7L6B1F4qgRy37.jpg', 'images/user/guide/identity/pic_xnnysFISCG6pmR4iF96lrx4KI6Sakj6Myst5hRX7GPZ9f1CUOeQBUvK3Ka2e.jpg', 'images/user/guide/car/pic_RUwSXQTZVou7aE3ibtIATia1OaJwstVw2slFSQlPHk0r37FkX3ypa0fupvA7.jpg', 'images/user/guide/car/pic_T7KIQc9cK6xLsKspbZEJSqi9CapnTR6vpfSAL2NH6W2whgHPo9IdHjxVZQqV.jpg', 1, 'images/user/guide/attach/pic_hYlFfQ5sMqH3910hWPULeUacBcQRnQyhaJPfw2rRFiUjChQTtQNw1iFPeNxi.jpg', 50, NULL, NULL, NULL, NULL, NULL, NULL, 0, NULL, NULL, 0, 1, 1, '2020-05-24 01:56:42', NULL),
(144, 'fhxd', '01223252144', 'fhhv@gnn.com', 'images/user/avatar_user.png', 'male', '$2y$10$8J2uiUV3NKdYriVzcgpm4ugcBrTH7p3jjxtKfk88TI7oN6GcankoC', '2000-01-01', 1, 1, 1, NULL, '05318658928658', NULL, NULL, NULL, NULL, NULL, NULL, NULL, NULL, NULL, NULL, NULL, NULL, NULL, 0, NULL, NULL, 0, 1, 1, '2020-05-24 22:44:37', NULL),
(145, 'ghxg', '05685685855', 'ghf@hjh.com', 'images/user/avatar_user.png', NULL, '$2y$10$6JMwE5PTvEw3YYQ6BmadOOvAQYWd9dSj2p9ZK5SOB4tZfoAzDo8F2', NULL, 1, 1, 3, NULL, NULL, NULL, NULL, NULL, NULL, NULL, NULL, NULL, NULL, 'st,tss,st', 'images/user/company/registration/pic_27cPTIZxSjt9fBqp0Kx7b4bcNULQXDHI7GLm2ACCVKLiMZ3cyw1LgLLgGIjh.jpg', 'fhvv', 'fhvc@gjj.com', '0598285859', 0, NULL, NULL, 0, 1, 1, '2020-05-24 22:46:12', NULL),
(146, 'fjhh', '82114845544', 'ghhg@hjb.com', 'images/user/avatar_user.png', 'male', '$2y$10$9bf/UE0N5FxXILYoJ.BbnuPlem6bQTx/eS.q5BzFtx0Au19SRGVqG', '2000-01-01', 1, 1, 2, 1, '5685058658', 'images/user/guide/identity/pic_18WBdQMhsKNa6ktdJgqLOSRV3AxT5H9ZTLK5BM5hfkrIrJfgNVUFexDFzMg5.jpg', 'images/user/guide/identity/pic_zPmqwDDCRdSlFXNP5NhpgXJtZh3kqrxiF30V4EF8PVBeRdsOCrgRrAKh9PE1.jpg', 'images/user/guide/car/pic_vvK2Xp60Lt8MtGpWrOhEZZQ7J6SojRH3GP8ROjFqmvNcHIZ2a0AVfmuL98jJ.jpg', 'images/user/guide/car/pic_NklNRaa4xnMjIlu2R6JZblBpeOQ4JEOTyIS5mRw8OC7S1Ig3BMMyJBcDJnKk.jpg', 1, 'images/user/guide/attach/pic_UjLlq4M7j4XVhuMaO8PmnFz6vl14TxSEi2hxUZDpgKovCsZ67OC5fVmetRCq.jpg', 50, NULL, NULL, NULL, NULL, NULL, NULL, 0, NULL, NULL, 0, 1, 1, '2020-05-24 22:47:40', NULL),
(147, 'Aghgh', '01229104845', 'fhhg@hjj.com', 'images/user/avatar_user.png', 'male', '$2y$10$f9n1J2I.bxIzWB3UAsnGeuUitWs2h2.zLFBWGuJev4WnronSFpuj6', '2000-01-01', 1, 1, 2, 1, '0898588685', 'images/user/guide/identity/pic_anBWDIsll6lXc9oOPRd9V9JNTGT7ESNLklnMN9S74PWmkaFwf63KlXt1EIpm.jpg', 'images/user/guide/identity/pic_nExBQA0AQWX1IO8iQCOwZaFJgnJW16YlrY9Q51Jah3R8nOltmB9FKqSZVHVp.jpg', 'images/user/guide/car/pic_6iaEPwrZJHgXK4GRDOAqK7M6q6SPNxVWnM5urqFslBBjXRfESBuFjlIC8zpI.jpg', 'images/user/guide/car/pic_jYsBk5PIZJh6ITDt2SreVzEGxNhGFQrumg1aniqT6OevD0LV8yvUo2tbWWCZ.jpg', 1, 'images/user/guide/attach/pic_6OFxWmC3Hy7qjWFGTG9pKdNmdc6t1nqac0wWqOeKuzWlk5gPihQgFiwJzPZz.jpg', 50, NULL, NULL, NULL, NULL, NULL, NULL, 0, NULL, NULL, 0, 1, 1, '2020-05-24 23:01:41', NULL),
(148, 'fhgf', '01229104855', 'ghgf@hjhh.com', 'images/user/avatar_user.png', 'male', '$2y$10$4lyruhBoQHHK18UiVdfLkOvqS1nFRzGnyN1I3ScblI1.og8gJu0aK', '2000-01-01', 1, 1, 1, NULL, '058855898858', NULL, NULL, NULL, NULL, NULL, NULL, NULL, NULL, NULL, NULL, NULL, NULL, NULL, 0, NULL, NULL, 0, 1, 1, '2020-05-24 23:25:58', NULL),
(149, 'fhcf', '01229104866', 'fyh@yuj.com', 'images/user/avatar_user.png', 'male', '$2y$10$xGSLjGXTPAlpLnL4PGzk8.X3BBF0xKs4uFa2fnGh8juuymFPdwn42', '2000-01-01', 1, 1, 1, NULL, '886838286855', NULL, NULL, NULL, NULL, NULL, NULL, NULL, NULL, NULL, NULL, NULL, NULL, NULL, 0, NULL, NULL, 0, 1, 1, '2020-05-24 23:41:49', NULL),
(150, 'amal', '4665315684', 'amal@hdhd.cn', 'images/user/avatar_user.png', 'female', '$2y$10$fSivq9izgYhzZFlm//eUCOqwNjIWVyvKChvzQw8yGBN11WVmgEN1m', '1982-05-13', 4, 29, 1, NULL, '45157256484', NULL, NULL, NULL, NULL, NULL, NULL, NULL, NULL, NULL, NULL, NULL, NULL, NULL, 0, NULL, NULL, 0, 1, 1, '2020-05-26 08:35:30', NULL),
(151, 'amal', '76449551345', 'irondot@dnfn.fd', 'images/user/avatar_user.png', NULL, '$2y$10$IbPnhw9q4dTN9QI3q8iDRuuf3WFfJvhgT4oAyc70hZYysF3OwTIr2', NULL, 1, 1, 3, NULL, NULL, NULL, NULL, NULL, NULL, NULL, NULL, NULL, NULL, 'st,tss,st', 'images/user/company/registration/pic_5Gg9k71NBP41uf50G8ev2Y0fumMdMckOWupdCSK4OhkAPY62eDSgZvvYyr8z.jpg', 'dhdb cbfn', 'dhdhd@hdhx.fhd', '45531665248', 0, NULL, NULL, 0, 1, 1, '2020-05-26 08:42:48', NULL),
(152, 'Amal', '46534551657', 'amal@abc.de', 'images/user/avatar_user.png', 'male', '$2y$10$ui1Sln0IBwsdG1LZMdeyXOFc8wPnuPxNwhx4/6HIC5G29VQrWYeqy', '1986-06-13', 4, 29, 2, 1, '484548454645', 'images/user/guide/identity/pic_CvL19q16yahiZU8d5cxL2prBZjfdy8yUJlTxxMLZ95XkQaD4xX9UrfBSqlSx.jpg', 'images/user/guide/identity/pic_YUw7BAb25rWrWedkWTQqZkg9NekwIudH5rZCeMKT9qYfMuIejYGhiOzq4kRY.jpg', 'images/user/guide/car/pic_p1wrQOAtCc3FleoueYHgBccVK3pxCYL7Rh3qGNZTgU5nFcRuywaZTEmkGOnB.jpg', 'images/user/guide/car/pic_B7kDriysSUGOgLbv2wnAwqj2515yhBTx9D6D7os18APxP1FuhNXczzMWXsVD.jpg', 1, 'images/user/guide/attach/pic_1h1Ocml7KCYm95jJ6fE1jBykDQh15Zg0syBe9HykZj0CQFwNmCGVIbOLXBBC.jpg', 568, NULL, NULL, NULL, NULL, NULL, NULL, 0, NULL, NULL, 0, 1, 1, '2020-05-26 08:47:14', NULL),
(153, 'امل', '435664578136', 'amal@fjf.ds', 'images/user/avatar_user.png', 'female', '$2y$10$J9xVtpuklFRgzF3q.bBXvegMJeDDFJI/Zu442/4lv2fDK8FEepf56', '1984-12-23', 1, 5, 1, NULL, '46484532978', NULL, NULL, NULL, NULL, NULL, NULL, NULL, NULL, NULL, NULL, NULL, NULL, NULL, 0, NULL, NULL, 0, 1, 1, '2020-05-26 08:55:13', NULL),
(154, 'الشركة', '01443556294', 'amal@vbxbx.cx', 'images/user/avatar_user.png', NULL, '$2y$10$Q2TE2NBzQodeSFMs.y6xpue4v/2OrTHzWrmrBQcVxNR0UdwYL7N9O', NULL, 1, 29, 3, NULL, NULL, NULL, NULL, NULL, NULL, NULL, NULL, NULL, NULL, 'st,tss,st', 'images/user/company/registration/pic_YJmXNIXkR2Bg2gyV75fMFXhHBZQUPk4KHYPbvPdeeqFmrWuA50t3lIc9lsYV.jpg', 'امل', 'dhdjs@fjf.fc', '46531556497', 0, NULL, NULL, 0, 1, 1, '2020-05-26 09:04:09', NULL),
(155, 'ahmed', '01229104867', 'ahmed0@yahoo.com', 'images/user/avatar_user.png', 'male', '$2y$10$MJ3eui0ogb.GroO8MiO3ne2GwLSlCYfWb8jdi72oCvexwSau/GJ0i', '2000-01-01', 1, 3, 2, 1, '0698582865585', 'images/user/guide/identity/pic_miocyoHExGjfC01HHscvWyJ48yCXQ0akPvQY6KqQwUUjT2aiUzjetuOWIBXu.jpg', 'images/user/guide/identity/pic_vzNEoanOjYgyTuS3IzdvwYGGTK4a48MGhu7nya7dOwHiLVRnqUHxpWibODmT.jpg', 'images/user/guide/car/pic_pgjMjw3HUbQDws42RSXT4zdXkvEop2hxvOGj4EAX4oVn6AwiLSVaSGFNCSmI.jpg', 'images/user/guide/car/pic_TkwvexorLYthuVZV23UYGnXtyO5G7zCmzOKCdhatA4zD7XfWf4p5eOeEgO0x.jpg', 1, 'images/user/guide/attach/pic_GW5NgckNi3miqmsTtOPFA9CA8NMNI0zotyfsqMPCBYYuOIbEUNTOrnRDYhUJ.jpg', 80, NULL, NULL, NULL, NULL, NULL, NULL, 0, NULL, NULL, 0, 1, 1, '2020-05-26 09:05:03', NULL),
(156, 'امل', '46553145684', 'amal@fjd.dc', 'images/user/avatar_user.png', 'female', '$2y$10$q1cWDnCbT6FOmr2eE0MQjunwZfsCo7LiNrymIj8pa5ZtMM.a0S/Ue', '1991-08-04', 1, 4, 2, 1, '46457213457', 'images/user/guide/identity/pic_ZF1HvAQz3A3QiyR75v3HPMyuIGEBqNBY8NIf3mMQAKsD9UrzHFXBx3gpbBKs.jpg', 'images/user/guide/identity/pic_Y5den5lFW4LxnyyQt2oGaTeoDjPI0jGxURw32901VZouInC4wzTnE2ctLiCB.jpg', 'images/user/guide/car/pic_Td31ry3sz64JUmWbCOTyudf7JJ4hCqqQ8cBgKfMJZM9D0C51njYQtLwQQCUx.jpg', 'images/user/guide/car/pic_FLrIVyDTkpqSLDOPocYXHXdgMGsEmBF6X4Wvz4H2F7ypnQ8minYI0zpCqTFP.jpg', 1, 'images/user/guide/attach/pic_61YeZ4ekbRJU3Av0qjly7dzXKxYfZHENEyd4pRhVUbPlzuePLB6pia0GDc6c.jpg', 50, NULL, NULL, NULL, NULL, NULL, NULL, 0, NULL, NULL, 0, 1, 1, '2020-05-26 09:07:42', NULL),
(157, 'ahmed', '01229104868', 'ahmed2@yahoo.com', 'images/user/avatar_user.png', 'male', '$2y$10$xjSVPPbhsnE/oa5/Kw/LeegIulm48cfQJtv32syfcOTKcL0TBUIuq', '2000-01-01', 1, 1, 2, 1, '86858585859', 'images/user/guide/identity/pic_FnfvwmFFRjDVKJDMdx48TthnXMkaCfAKiygi8yKscFKskMHHKf0xChEQdIzN.jpg', 'images/user/guide/identity/pic_RfVZJo8iz39S58NWvmPWMUNxBhCMavDzxgBq8zcPTlQRPSkgZ1SDRWTRysDF.jpg', 'images/user/guide/car/pic_kxFQ8WxFHfwN2kVBUC142A9JSXuWvRbPfXWgvQxrGcwFVVidGQlOqz9HMuNW.jpg', 'images/user/guide/car/pic_I8nCnlOshf6xOBTBfR0nuFimI78Hu0y7MZu0bM2rexYsDtBMgyZx38veBR8A.jpg', 1, 'images/user/guide/attach/pic_6KgTSy8RWDzqKY4JRJqQfcJ7w1mUVzPahhUT0Cex3PvNzUKoOQwuvOFMpI9A.jpg', 50, NULL, NULL, NULL, NULL, NULL, NULL, 0, NULL, NULL, 0, 1, 1, '2020-05-26 09:13:49', NULL),
(158, 'ahmed', '01229104869', 'ahmed3@yahoo.com', 'images/user/avatar_user.png', 'male', '$2y$10$VM9SkAJJtAQYjr9cJXTOgeBtzt2mz.j1xZhv/h4w.gz0mDQqqh9q2', '2000-01-01', 1, 1, 2, 1, '66286868585', 'images/user/guide/identity/pic_HdAzRkmOnGOexnplQOQVPbXL6QqLF0GVMqFlYCgYbZyppURty10th6dUFNM4.jpg', 'images/user/guide/identity/pic_xraywjA4Kj9XxjNcJook6u28lLBbMwQqejkLFqYjXYodYP2Bzi46PgJq37VS.jpg', 'images/user/guide/car/pic_w2Hqygs3EmV4ENBdGPPKqpmavCCmLEcB34ePVCuIBOUYmxEzhlco4phB6EXA.jpg', 'images/user/guide/car/pic_WW8ff8esQysEtRt1yi9i7VP8GN6yRMJvBXiQs9ygAFiADr5dASD6AU2ZfX0p.jpg', 1, 'images/user/guide/attach/pic_MVx3qbwNfg1DqDgr762wW75WmkVJlO4PpFH2TwQNHr4ypIcIp57FYeojaR3g.jpg', 56, NULL, NULL, NULL, NULL, NULL, NULL, 0, NULL, NULL, 0, 1, 1, '2020-05-26 09:56:18', NULL),
(159, 'dhdj', '46594513284', 'dhsj@hdj.fjf', 'images/user/avatar_user.png', NULL, '$2y$10$9EYai/fYrSm4cUy9p4K/C.J532xKxuRRyongA9an8qCNBf7R/aWWq', NULL, 1, 1, 3, NULL, NULL, NULL, NULL, NULL, NULL, NULL, NULL, NULL, NULL, 'st,tss,st', 'images/user/company/registration/pic_z1MGeXyxP7xCniN69Nec2StajendpYAZhPOqD8Z5nP7psPh0njxu3cZ01ff6.jpg', 'dnsjns', 'dbsb@bb.ff', '59465843157', 0, NULL, NULL, 0, 1, 1, '2020-05-26 11:25:34', NULL),
(160, 'امل', '04645556431', 'amal@hjx.fjf', 'images/user/avatar_user.png', 'female', '$2y$10$mY9/wHaL.igqmvQvZ2KAQOafTf4gH3NVhVKvdMhvgjT6oSjZ3iwcS', '1991-06-08', 4, 29, 1, NULL, '45187245698', NULL, NULL, NULL, NULL, NULL, NULL, NULL, NULL, NULL, NULL, NULL, NULL, NULL, 0, NULL, NULL, 0, 1, 1, '2020-05-26 13:37:34', NULL),
(161, 'امل', '46559784513', 'amal@gdh.dj', 'images/user/avatar_user.png', NULL, '$2y$10$mKjsik//G6W/Z1oGghQR6.kqItHXHWAdDS.Sf097B/sg69KtYfqfG', NULL, 1, 29, 3, NULL, NULL, NULL, NULL, NULL, NULL, NULL, NULL, NULL, NULL, 'st,tss,st', 'images/user/company/registration/pic_quGUZLItaKmFN1h7f340nZoygIvigDXJwDMcWdfNrmiNM9KoK9gLZWZa2pKg.jpg', 'امل', 'ajdj@djd.fs', '46598553245', 0, NULL, NULL, 0, 1, 1, '2020-05-26 13:40:40', NULL),
(162, 'امل', '94654516457', 'axx@djd.fj', 'images/user/avatar_user.png', 'female', '$2y$10$kwwaEJzVvG85fOEqteTk.uWoIZPvFqIniMmE3d3PJyXwWTSqSIm8W', '1996-12-07', 1, 1, 2, 1, '54848764549', 'images/user/guide/identity/pic_l0kK9rXo6PQyAMYsEH25P1v6xroQB27cqIMgPnHOO1rSK5uc80Vl8jTecmox.jpg', 'images/user/guide/identity/pic_mu86d4b4K51Dq8eEQM9x5AGbTJobEuS3HeMrAt0I8ogNMsY0XI6S3MfPMYp4.jpg', 'images/user/guide/car/pic_MIGPzYCN2sMgVPs5gRAncObPutMiDh3J5Y0r8Rcz3JCeWgS7VjN0wSb85RGy.jpg', 'images/user/guide/car/pic_Hy9jmeAXX8kVmocd6nso8E63OXHuu8ypOU1ljfyOf9ASYhF1zZDh3YM3TlyC.jpg', 1, 'images/user/guide/attach/pic_ijRZStFAFP97d0dzided3Pb3zUh1r91kffym3o2SoU29IRnjMXQOyIbiV9a1.jpg', 60, NULL, NULL, NULL, NULL, NULL, NULL, 0, NULL, NULL, 0, 1, 1, '2020-05-26 14:52:13', NULL),
(163, 'امل', '46598326594', 'dhdj@vgg.fjj', 'images/user/avatar_user.png', 'male', '$2y$10$8BMqb9OrEFIfIotR2801Ku/lWnLSTlIWEYGYo5x6H42Ofl2l4NNfi', '1984-05-17', 1, 4, 1, NULL, '55164528761', NULL, NULL, NULL, NULL, NULL, NULL, NULL, NULL, NULL, NULL, NULL, NULL, NULL, 0, NULL, NULL, 0, 1, 1, '2020-05-26 15:48:02', NULL),
(164, 'امل', '46538556497', 'dhjsa@fhf.fh', 'images/user/avatar_user.png', NULL, '$2y$10$hvv6nrp1O2dHUzby296j.uc/z/WBkP7ZLu2.Hrvt0dZm3uYMPeN6i', NULL, 1, 1, 3, NULL, NULL, NULL, NULL, NULL, NULL, NULL, NULL, NULL, NULL, 'st,tss,st', 'images/user/company/registration/pic_mUgq89vtuMblxosf4WRPBvuoeFJh0MCBrMMYHjfIEbBevZ8gUiBZNYdbTO2x.jpg', 'امف', 'fvh@hv.nn', '96558535986', 0, NULL, NULL, 0, 1, 1, '2020-05-26 15:49:27', NULL),
(165, 'امل', '46598545613', 'aghdhd@chdb.chx', 'images/user/avatar_user.png', 'female', '$2y$10$A/VjsjZw.oVi4M1yAghjgeRkE.pPX2mqTcwg/p6d7/SOr0.7pvX.K', '1982-05-24', 4, 30, 2, 1, '8484040488484', 'images/user/guide/identity/pic_q1H024soAR1BbxOMcEA55UF2rAvazQcLTI9MzHBojSiyCRJQTjaWiR2iAZew.jpg', 'images/user/guide/identity/pic_UGtbejWSRMUo4lZgxFi9KtHcDbyYGfSQqX69BcJDwiSH0ClZbO2oZ81Ah4D8.jpg', 'images/user/guide/car/pic_HBGOekBE4xXvUzggKk1KtKX89zMKGXfYlA4Jnm5dk7aRUIlXNuuI1sTK3ZtX.jpg', 'images/user/guide/car/pic_QpCURH4XWO8K8sKYRnyjB95rOmSwabRBQcrqBXn6KjmY9AtYJVYtVrP6ln0Y.jpg', 1, 'images/user/guide/attach/pic_d2LWoIrNRXgT1vBbS55G08KycVjMyK9ski7nhWx6vflhOsKMwp2y4TkblfL3.jpg', 50, NULL, NULL, NULL, NULL, NULL, NULL, 0, NULL, NULL, 0, 1, 1, '2020-05-26 15:50:57', NULL),
(166, 'sjjd', '586454356894', 'db@cjdn.dhd', 'images/user/avatar_user.png', 'female', '$2y$10$nm36NDIt.hwSRzWrNx5v6uTOqtnGQua8mSBTUV8yG5m4k1pzrElJa', '1992-06-08', 1, 4, 1, NULL, '48554879164', NULL, NULL, NULL, NULL, NULL, NULL, NULL, NULL, NULL, NULL, NULL, NULL, NULL, 0, NULL, NULL, 0, 1, 1, '2020-05-26 15:53:24', NULL),
(167, 'dhfb', '59864853598', 'xgzh@cbd.ff', 'images/user/avatar_user.png', NULL, '$2y$10$rgwUGdgVN6MQYBPNgpCgnemSggGSaNlq9guwBK.gM8Z2OaPaaHcsC', NULL, 1, 29, 3, NULL, NULL, NULL, NULL, NULL, NULL, NULL, NULL, NULL, NULL, 'st,tss,st', 'images/user/company/registration/pic_4d4aW3JMsEBoZJ2Anozsv58OtLH1qPSmeKYpbMzambbqKehXVoPtUDatTfB5.jpg', 'dhdh', 'dbdb@hhhf.fn', '465588434956', 0, NULL, NULL, 0, 1, 1, '2020-05-26 15:54:37', NULL),
(168, 'kdkdk', '05005767780', 'gg@gmail.com', 'images/user/avatar_user.png', NULL, '$2y$10$CUtqk7sgFIoEbvJSHjEixu1mLEtHdVXJM6A0YVQYjWSo3w.DoC8l2', NULL, 1, 1, 3, NULL, NULL, NULL, NULL, NULL, NULL, NULL, NULL, NULL, NULL, 'st,tss,st', 'images/user/company/registration/pic_0HmHKo0ZJ9839OSppvLuGqvmxRsXRxhQ0cfDT490SxlgplAHN2ZV5HBHqRQQ.jpg', 'ndndnd', 'm@m.com', '050057679797', 0, NULL, NULL, 0, 1, 1, '2020-05-26 16:18:07', NULL),
(169, 'mnnk', '05005767784', 'jjj@j.com', 'images/user/avatar_user.png', 'male', '$2y$10$AebfQKovku2ggGGlUeKTrOKsP1MGgq9AvIg8eVV6NsocNCRbTjCGq', '2000-01-01', 1, 1, 2, 1, '946644343433', 'images/user/guide/identity/pic_VvDWd9XP8WVCFT6wnmrq2SU26IWl7s9TNfPxlCV8Vup7Dp38GCB3USTZV4Dj.jpg', 'images/user/guide/identity/pic_WCsorU2GiuCvFWn6wynnJB1bTknLt4ks6fGa0etTAe4swdZVIDxoCjDw4cyV.jpg', 'images/user/guide/car/pic_tVyoDEVbMN2qPG1Xg8SBP3z2qveEAUdXBuLqFok7AqJQUggl5Lam6KNu1kmX.jpg', 'images/user/guide/car/pic_cSvpE88xisZyixEdLpxfMwdow9r7UK8MszewrHMUm7euadceNnN8BNUwqjUU.jpg', 1, 'images/user/guide/attach/pic_HQNZGnn1bISyLTCcJiIcFY2EaPnK1S067SaFTSrl3dpHvNmPjfZqYVh2WJOt.jpg', 25, NULL, NULL, NULL, NULL, NULL, NULL, 0, NULL, NULL, 0, 1, 1, '2020-05-26 16:29:07', NULL);

-- --------------------------------------------------------

--
-- Table structure for table `verifications`
--

CREATE TABLE `verifications` (
  `verification_id` int(11) NOT NULL,
  `verification_phone` varchar(13) COLLATE utf8mb4_unicode_ci NOT NULL,
  `verification_code` varchar(4) COLLATE utf8mb4_unicode_ci NOT NULL,
  `is_used` tinyint(1) NOT NULL DEFAULT '0',
  `created_at` timestamp NOT NULL DEFAULT CURRENT_TIMESTAMP,
  `updated_at` timestamp NULL DEFAULT NULL
) ENGINE=InnoDB DEFAULT CHARSET=utf8mb4 COLLATE=utf8mb4_unicode_ci;

--
-- Dumping data for table `verifications`
--

INSERT INTO `verifications` (`verification_id`, `verification_phone`, `verification_code`, `is_used`, `created_at`, `updated_at`) VALUES
(1, '01272252219', '1234', 1, '2020-03-28 08:55:29', NULL),
(2, '01272252218', '1234', 1, '2020-03-28 12:39:02', NULL),
(3, '01272252217', '1234', 1, '2020-03-28 14:34:45', NULL),
(4, '01272252215', '1234', 0, '2020-04-08 13:32:35', NULL),
(5, '012722522182', '1234', 1, '2020-04-11 08:12:33', NULL),
(6, '01272252250', '1234', 1, '2020-04-18 13:07:15', NULL),
(7, '01272252251', '1234', 1, '2020-04-18 13:08:55', NULL),
(8, '012722522183', '1234', 1, '2020-04-22 10:19:25', NULL),
(9, '01284300546', '1234', 0, '2020-04-26 08:42:39', NULL),
(10, '01229104844', '1234', 1, '2020-04-27 12:31:13', NULL),
(11, '012826889', '1234', 0, '2020-04-28 08:13:42', NULL),
(12, '04228874244', '1234', 1, '2020-05-02 13:54:26', NULL),
(13, '0512680850', '1234', 1, '2020-05-03 08:15:57', NULL),
(14, '01272252220', '1234', 1, '2020-05-03 08:45:20', NULL),
(15, '01229104544', '1234', 1, '2020-05-03 10:09:09', NULL),
(16, '04551804266', '1234', 0, '2020-05-03 15:42:40', NULL),
(17, '0125524844', '1234', 0, '2020-05-03 15:50:40', NULL),
(18, '123', '1234', 1, '2020-05-03 15:54:19', NULL),
(19, '456', '1234', 1, '2020-05-03 19:30:09', NULL),
(20, '12345', '1234', 1, '2020-05-03 19:32:47', NULL),
(21, '123456', '1234', 1, '2020-05-03 19:34:51', NULL),
(22, '1234567', '1234', 1, '2020-05-03 19:40:52', NULL),
(23, '12345456', '1234', 1, '2020-05-03 19:47:43', NULL),
(24, '123456578', '1234', 1, '2020-05-03 19:52:41', NULL),
(25, '108453', '1234', 1, '2020-05-03 19:57:03', NULL),
(26, '12345678943', '1234', 1, '2020-05-03 20:06:02', NULL),
(27, '877643876', '1234', 1, '2020-05-03 20:11:26', NULL),
(28, '01552427312', '1234', 1, '2020-05-03 21:18:53', NULL),
(29, '01552427311', '1234', 0, '2020-05-04 09:11:15', NULL),
(30, '01229484855', '1234', 0, '2020-05-04 09:31:19', NULL),
(31, '123345', '1234', 0, '2020-05-05 11:26:55', NULL),
(32, '123476', '1234', 0, '2020-05-05 11:52:30', NULL),
(33, '765875', '1234', 0, '2020-05-05 12:06:33', NULL),
(34, '787', '1234', 1, '2020-05-05 12:36:38', NULL),
(35, '9876', '1234', 1, '2020-05-05 12:46:02', NULL),
(36, '012722522178', '1234', 1, '2020-05-05 12:46:43', NULL),
(37, '987654321', '1234', 1, '2020-05-05 12:56:53', NULL),
(38, '56789', '1234', 1, '2020-05-05 13:04:29', NULL),
(39, '2434465', '1234', 0, '2020-05-05 13:09:34', NULL),
(40, '765', '1234', 1, '2020-05-05 13:15:51', NULL),
(41, '01552427342', '1234', 1, '2020-05-05 13:37:44', NULL),
(42, '111', '1234', 1, '2020-05-06 08:30:18', NULL),
(43, '01113366927', '1234', 0, '2020-05-06 09:14:58', NULL),
(44, '4353', '1234', 0, '2020-05-08 12:47:33', NULL),
(45, '2321', '1234', 0, '2020-05-08 12:52:10', NULL),
(46, '3546', '1234', 0, '2020-05-08 13:15:44', NULL),
(47, '5657', '1234', 0, '2020-05-08 13:19:07', NULL),
(48, '545', '1234', 0, '2020-05-08 13:27:00', NULL),
(49, '4546', '1234', 0, '2020-05-08 13:32:12', NULL),
(50, '343', '1234', 0, '2020-05-09 07:24:03', NULL),
(51, '2312', '1234', 0, '2020-05-09 07:29:39', NULL),
(52, '3243', '1234', 1, '2020-05-09 07:44:29', NULL),
(53, '1223', '1234', 1, '2020-05-09 08:00:24', NULL),
(54, '4557', '1234', 0, '2020-05-09 08:30:57', NULL),
(55, '5558', '1234', 0, '2020-05-09 10:01:39', NULL),
(56, '84546', '1234', 0, '2020-05-09 12:45:11', NULL),
(57, '675454', '1234', 0, '2020-05-09 18:57:54', NULL),
(58, '123123', '1234', 0, '2020-05-09 19:08:15', NULL),
(59, '12', '1234', 0, '2020-05-09 19:12:30', NULL),
(60, '21343', '1234', 0, '2020-05-09 19:18:14', NULL),
(61, '21233', '1234', 0, '2020-05-09 19:38:55', NULL),
(62, '8645433', '1234', 1, '2020-05-09 19:57:12', NULL),
(63, '121232143', '1234', 1, '2020-05-09 19:59:48', NULL),
(64, '01272252216', '1234', 1, '2020-05-10 07:25:58', NULL),
(65, '012722522167', '1234', 1, '2020-05-10 07:29:59', NULL),
(66, '012722522188', '1234', 1, '2020-05-10 07:42:13', NULL),
(67, '012722522888', '1234', 1, '2020-05-10 07:51:28', NULL),
(68, '554545', '1234', 0, '2020-05-10 15:05:12', NULL),
(69, '5448548', '1234', 1, '2020-05-11 08:45:58', NULL),
(70, '54321', '1234', 1, '2020-05-11 09:48:14', NULL),
(71, '23456', '1234', 0, '2020-05-11 11:52:27', NULL),
(72, '01223487577', '1234', 1, '2020-05-11 12:26:36', NULL),
(73, '123454567', '1234', 0, '2020-05-11 14:47:52', NULL),
(74, '124324', '1234', 0, '2020-05-11 15:07:27', NULL),
(75, '34535', '1234', 0, '2020-05-11 18:51:02', NULL),
(76, '234325837', '1234', 0, '2020-05-11 18:53:36', NULL),
(77, '594646555', '1234', 1, '2020-05-12 10:44:53', NULL),
(78, '551555584', '1234', 1, '2020-05-12 12:11:12', NULL),
(79, '4343435', '1234', 1, '2020-05-12 21:49:53', NULL),
(80, '123445', '1234', 1, '2020-05-13 11:58:24', NULL),
(81, '1231124', '1234', 1, '2020-05-13 12:04:44', NULL),
(82, '9876321', '1234', 1, '2020-05-13 12:59:56', NULL),
(83, '5678932', '1234', 1, '2020-05-13 13:21:33', NULL),
(84, '0500576772', '1234', 1, '2020-05-13 13:48:27', NULL),
(85, '4656', '1234', 1, '2020-05-13 15:00:57', NULL),
(86, '46465521', '1234', 1, '2020-05-13 15:03:27', NULL),
(87, '564625884', '1234', 0, '2020-05-13 15:04:12', NULL),
(88, '0500576779', '1234', 1, '2020-05-15 15:18:12', NULL),
(89, '4643551155', '1234', 0, '2020-05-16 07:45:53', NULL),
(90, '01554367411', '1234', 0, '2020-05-16 08:53:42', NULL),
(91, '01554367412', '1234', 0, '2020-05-16 08:55:43', NULL),
(92, '1234987', '1234', 1, '2020-05-16 09:31:22', NULL),
(93, '01223695822', '1234', 1, '2020-05-16 09:41:42', NULL),
(94, '01225484244', '1234', 0, '2020-05-16 09:45:50', NULL),
(95, '01228428744', '1234', 0, '2020-05-16 11:21:14', NULL),
(96, '01228164544', '1234', 0, '2020-05-16 11:33:23', NULL),
(97, '01554369755', '1234', 1, '2020-05-16 12:18:31', NULL),
(98, '01223484244', '1234', 1, '2020-05-16 12:23:48', NULL),
(99, '01554254211', '1234', 1, '2020-05-16 12:25:33', NULL),
(100, '01554260757', '1234', 1, '2020-05-16 12:35:02', NULL),
(101, '0127225221889', '1234', 1, '2020-05-16 12:43:01', NULL),
(102, '8608258425', '1234', 1, '2020-05-16 12:48:50', NULL),
(103, '01225426833', '1234', 1, '2020-05-16 13:19:16', NULL),
(104, '01551234580', '1234', 1, '2020-05-16 14:17:30', NULL),
(105, '5646554568', '1234', 1, '2020-05-16 14:21:52', NULL),
(106, '786767', '1234', 0, '2020-05-16 14:42:24', NULL),
(107, '01008113292', '1234', 1, '2020-05-16 14:45:34', NULL),
(108, '87876', '1234', 0, '2020-05-16 14:51:16', NULL),
(109, '01008113291', '1234', 1, '2020-05-16 14:54:30', NULL),
(110, '5466545', '1234', 0, '2020-05-16 15:04:09', NULL),
(111, '0127225221810', '1234', 0, '2020-05-16 15:30:54', NULL),
(112, '01128113292', '1234', 1, '2020-05-16 15:36:10', NULL),
(113, '352434556', '1234', 0, '2020-05-16 15:40:00', NULL),
(114, '3453454', '1234', 1, '2020-05-16 15:54:11', NULL),
(115, '132878', '1234', 1, '2020-05-16 16:03:27', NULL),
(116, '017481132925', '1234', 1, '2020-05-16 16:04:42', NULL),
(117, '0500576773', '1234', 1, '2020-05-16 17:46:03', NULL),
(118, '05055767796', '1234', 0, '2020-05-16 17:47:26', NULL),
(119, '05005767746', '1234', 1, '2020-05-16 17:50:01', NULL),
(120, '05005797788', '1234', 0, '2020-05-16 17:51:55', NULL),
(121, '0500576790', '1234', 1, '2020-05-16 17:57:46', NULL),
(122, '0303030303', '1234', 1, '2020-05-16 18:01:42', NULL),
(123, '84539524615', '1234', 0, '2020-05-16 18:11:15', NULL),
(124, '01226154842', '1234', 0, '2020-05-16 18:33:05', NULL),
(125, '01554280422', '1234', 0, '2020-05-16 18:37:37', NULL),
(126, '0127225228888', '1234', 1, '2020-05-16 18:44:54', NULL),
(127, '05005677794', '1234', 1, '2020-05-16 19:14:37', NULL),
(128, '05005767722', '1234', 1, '2020-05-16 19:17:49', NULL),
(129, '05005767788', '1234', 1, '2020-05-16 19:19:51', NULL),
(130, '05005767744', '1234', 1, '2020-05-16 19:27:12', NULL),
(131, '05005767748', '1234', 1, '2020-05-16 19:40:38', NULL),
(132, '0500057648', '1234', 0, '2020-05-17 19:26:08', NULL),
(133, '0583596005', '1234', 1, '2020-05-17 19:26:29', NULL),
(134, '+966555555555', '1234', 0, '2020-05-17 19:41:40', NULL),
(135, '0127225228866', '1234', 1, '2020-05-17 20:56:12', NULL),
(136, '012722522885', '1234', 0, '2020-05-17 20:58:46', NULL),
(137, '122345', '1234', 1, '2020-05-17 21:04:35', NULL),
(138, '05835960052', '1234', 1, '2020-05-17 21:53:14', NULL),
(139, '01223569899', '1234', 1, '2020-05-17 21:56:33', NULL),
(140, '05005767794', '1234', 1, '2020-05-18 01:16:19', NULL),
(141, '05005767786', '1234', 0, '2020-05-18 06:24:15', NULL),
(142, '058356005', '1234', 0, '2020-05-18 06:30:35', NULL),
(143, '01668113292', '1234', 1, '2020-05-18 07:28:32', NULL),
(144, '01328113291', '1234', 0, '2020-05-18 07:30:43', NULL),
(145, '+6572541836', '1234', 1, '2020-05-18 07:38:07', NULL),
(146, '+4642485376', '1234', 0, '2020-05-18 07:40:09', NULL),
(147, '+5315467259', '1234', 1, '2020-05-18 07:46:49', NULL),
(148, '012291048444', '1234', 1, '2020-05-18 07:53:24', NULL),
(149, '0127225221820', '1234', 1, '2020-05-18 08:11:50', NULL),
(150, '01223645822', '1234', 1, '2020-05-18 08:12:12', NULL),
(151, '01223648755', '1234', 1, '2020-05-18 08:19:30', NULL),
(152, '053528588888', '1234', 1, '2020-05-18 08:28:59', NULL),
(153, '13243443', '1234', 1, '2020-05-18 09:02:59', NULL),
(154, '3423435', '1234', 1, '2020-05-18 09:06:16', NULL),
(155, '01559104544', '1234', 1, '2020-05-18 09:56:01', NULL),
(156, '01223154844', '1234', 1, '2020-05-18 11:46:24', NULL),
(157, '80554465708', '1234', 1, '2020-05-18 11:48:38', NULL),
(158, '86548856658', '1234', 0, '2020-05-18 11:51:41', NULL),
(159, '122143', '1234', 1, '2020-05-18 12:53:54', NULL),
(160, '012722522168', '1234', 1, '2020-05-18 13:10:36', NULL),
(161, '01663542196', '1234', 1, '2020-05-18 14:02:54', NULL),
(162, '00000000000', '1234', 1, '2020-05-18 14:10:04', NULL),
(163, '77777777777', '1234', 1, '2020-05-18 14:15:53', NULL),
(164, '88888888888', '1234', 1, '2020-05-18 14:19:18', NULL),
(165, '99999999999', '1234', 1, '2020-05-18 14:29:13', NULL),
(166, '66666666666', '1234', 1, '2020-05-18 14:33:43', NULL),
(167, '44444444444', '1234', 1, '2020-05-18 14:36:27', NULL),
(168, '0123456789', '1234', 1, '2020-05-18 19:20:14', NULL),
(169, '12234567890', '1234', 1, '2020-05-18 20:45:13', NULL),
(170, '1234512345', '1234', 1, '2020-05-19 11:01:14', NULL),
(171, '0500576672', '1234', 1, '2020-05-19 12:14:54', NULL),
(172, '0500577772', '1234', 1, '2020-05-19 12:16:54', NULL),
(173, '0127225221821', '1234', 0, '2020-05-19 12:24:25', NULL),
(174, '058468594', '1234', 1, '2020-05-19 18:54:25', NULL),
(175, '+966583596005', '1234', 1, '2020-05-19 20:28:00', NULL),
(176, '0583596006', '1234', 1, '2020-05-19 20:35:26', NULL),
(177, '0583596007', '1234', 1, '2020-05-19 20:38:21', NULL),
(178, '121550', '1234', 1, '2020-05-20 08:59:48', NULL),
(179, '098987876', '1234', 1, '2020-05-20 10:46:20', NULL),
(180, '46154431527', '1234', 0, '2020-05-23 07:36:10', NULL),
(181, '45116443581', '1234', 1, '2020-05-23 07:42:35', NULL),
(182, '01229114844', '1234', 1, '2020-05-23 08:03:24', NULL),
(183, '08287598838', '1234', 0, '2020-05-23 08:09:30', NULL),
(184, '18009775482', '1234', 1, '2020-05-23 08:20:12', NULL),
(185, '4561852945', '1234', 1, '2020-05-23 08:23:39', NULL),
(186, '5846448745', '1234', 1, '2020-05-23 08:26:34', NULL),
(187, '1555544584', '1234', 1, '2020-05-23 08:32:59', NULL),
(188, '96383858685', '1234', 0, '2020-05-23 08:43:20', NULL),
(189, '75448325641', '1234', 0, '2020-05-23 10:13:27', NULL),
(190, '01225483188', '1234', 0, '2020-05-23 10:25:18', NULL),
(191, '098987765654', '1234', 1, '2020-05-23 10:28:04', NULL),
(192, '95893486586', '1234', 0, '2020-05-23 10:38:52', NULL),
(193, '4583582556', '1234', 1, '2020-05-23 10:40:58', NULL),
(194, '4584545422', '1234', 1, '2020-05-23 10:44:16', NULL),
(195, '5485784545', '1234', 1, '2020-05-23 10:46:49', NULL),
(196, '4888888878', '1234', 1, '2020-05-23 10:49:04', NULL),
(197, '01226154244', '1234', 0, '2020-05-23 10:53:11', NULL),
(198, '01223154268', '1234', 0, '2020-05-23 10:55:08', NULL),
(199, '05005767790', '1234', 1, '2020-05-23 11:01:48', NULL),
(200, '7774441110', '1234', 1, '2020-05-23 11:23:37', NULL),
(201, '2156525552220', '1234', 1, '2020-05-23 11:26:39', NULL),
(202, '01223508466', '1234', 0, '2020-05-23 11:27:46', NULL),
(203, '01225848755', '1234', 0, '2020-05-23 11:39:13', NULL),
(204, '01225848455', '1234', 0, '2020-05-23 11:54:21', NULL),
(205, '012291048445', '1234', 1, '2020-05-23 12:03:07', NULL),
(206, '08568688955', '1234', 1, '2020-05-23 12:11:56', NULL),
(207, '05567898898', '1234', 1, '2020-05-23 13:03:59', NULL),
(208, '0568585858', '1234', 1, '2020-05-23 13:06:49', NULL),
(209, '45116445325', '1234', 1, '2020-05-23 13:19:45', NULL),
(210, '0500576444', '1234', 1, '2020-05-24 01:54:07', NULL),
(211, '05040404485', '1234', 1, '2020-05-24 01:56:35', NULL),
(212, '01223252144', '1234', 1, '2020-05-24 22:44:32', NULL),
(213, '05685685855', '1234', 1, '2020-05-24 22:46:07', NULL),
(214, '82114845544', '1234', 1, '2020-05-24 22:47:30', NULL),
(215, '01229104845', '1234', 1, '2020-05-24 23:01:32', NULL),
(216, '01229104855', '1234', 1, '2020-05-24 23:25:54', NULL),
(217, '01229104866', '1234', 1, '2020-05-24 23:41:44', NULL),
(218, '4665315684', '1234', 1, '2020-05-26 08:35:16', NULL),
(219, '76449551345', '1234', 1, '2020-05-26 08:42:40', NULL),
(220, '46534551657', '1234', 1, '2020-05-26 08:47:08', NULL),
(221, '435664578136', '1234', 1, '2020-05-26 08:55:07', NULL),
(222, '01443556294', '1234', 1, '2020-05-26 09:04:05', NULL),
(223, '01229104867', '1234', 1, '2020-05-26 09:04:53', NULL),
(224, '46553145684', '1234', 1, '2020-05-26 09:07:33', NULL),
(225, '01229104868', '1234', 1, '2020-05-26 09:13:40', NULL),
(226, '01229104869', '1234', 1, '2020-05-26 09:56:08', NULL),
(227, '46594513284', '1234', 1, '2020-05-26 11:25:30', NULL),
(228, '64453226598', '1234', 0, '2020-05-26 13:31:19', NULL),
(229, '04645556431', '1234', 1, '2020-05-26 13:37:25', NULL),
(230, '46559784513', '1234', 1, '2020-05-26 13:40:36', NULL),
(231, '0585505858', '1234', 0, '2020-05-26 14:26:23', NULL),
(232, '94654516457', '1234', 1, '2020-05-26 14:52:07', NULL),
(233, '46598326594', '1234', 1, '2020-05-26 15:47:57', NULL),
(234, '46538556497', '1234', 1, '2020-05-26 15:49:23', NULL),
(235, '46598545613', '1234', 1, '2020-05-26 15:50:51', NULL),
(236, '586454356894', '1234', 1, '2020-05-26 15:53:19', NULL),
(237, '59864853598', '1234', 1, '2020-05-26 15:54:33', NULL),
(238, '05005767780', '1234', 1, '2020-05-26 16:18:03', NULL),
(239, '05005767784', '1234', 1, '2020-05-26 16:29:02', NULL);

--
-- Indexes for dumped tables
--

--
-- Indexes for table `about_us`
--
ALTER TABLE `about_us`
  ADD PRIMARY KEY (`about_us_id`);

--
-- Indexes for table `about_us_description`
--
ALTER TABLE `about_us_description`
  ADD PRIMARY KEY (`about_us_description_id`);

--
-- Indexes for table `administration`
--
ALTER TABLE `administration`
  ADD PRIMARY KEY (`id`);

--
-- Indexes for table `banners`
--
ALTER TABLE `banners`
  ADD PRIMARY KEY (`banner_id`);

--
-- Indexes for table `books`
--
ALTER TABLE `books`
  ADD PRIMARY KEY (`book_id`);

--
-- Indexes for table `book_trip_status`
--
ALTER TABLE `book_trip_status`
  ADD PRIMARY KEY (`book_trip_status`);

--
-- Indexes for table `broadcasts`
--
ALTER TABLE `broadcasts`
  ADD PRIMARY KEY (`broadcast_id`);

--
-- Indexes for table `broadcast_guides`
--
ALTER TABLE `broadcast_guides`
  ADD PRIMARY KEY (`broadcast_guides_id`);

--
-- Indexes for table `categories`
--
ALTER TABLE `categories`
  ADD PRIMARY KEY (`category_id`);

--
-- Indexes for table `category_description`
--
ALTER TABLE `category_description`
  ADD PRIMARY KEY (`category_description_id`);

--
-- Indexes for table `cities`
--
ALTER TABLE `cities`
  ADD PRIMARY KEY (`city_id`);

--
-- Indexes for table `city_description`
--
ALTER TABLE `city_description`
  ADD PRIMARY KEY (`city_description_id`);

--
-- Indexes for table `contacts`
--
ALTER TABLE `contacts`
  ADD PRIMARY KEY (`contact_id`);

--
-- Indexes for table `countries`
--
ALTER TABLE `countries`
  ADD PRIMARY KEY (`country_id`);

--
-- Indexes for table `country_description`
--
ALTER TABLE `country_description`
  ADD PRIMARY KEY (`country_description_id`);

--
-- Indexes for table `dolanes`
--
ALTER TABLE `dolanes`
  ADD PRIMARY KEY (`dolane_id`);

--
-- Indexes for table `dolane_description`
--
ALTER TABLE `dolane_description`
  ADD PRIMARY KEY (`dolane_description_id`);

--
-- Indexes for table `dolane_image`
--
ALTER TABLE `dolane_image`
  ADD PRIMARY KEY (`dolane_image_id`);

--
-- Indexes for table `faqs`
--
ALTER TABLE `faqs`
  ADD PRIMARY KEY (`faq_id`);

--
-- Indexes for table `faq_description`
--
ALTER TABLE `faq_description`
  ADD PRIMARY KEY (`faq_description_id`);

--
-- Indexes for table `history_status`
--
ALTER TABLE `history_status`
  ADD PRIMARY KEY (`history_status_id`);

--
-- Indexes for table `manage_role`
--
ALTER TABLE `manage_role`
  ADD PRIMARY KEY (`manage_role_id`);

--
-- Indexes for table `migrations`
--
ALTER TABLE `migrations`
  ADD PRIMARY KEY (`id`);

--
-- Indexes for table `nationalities`
--
ALTER TABLE `nationalities`
  ADD PRIMARY KEY (`nationality_id`);

--
-- Indexes for table `nationality_description`
--
ALTER TABLE `nationality_description`
  ADD PRIMARY KEY (`nationality_description_id`);

--
-- Indexes for table `notifications`
--
ALTER TABLE `notifications`
  ADD PRIMARY KEY (`notification_id`);

--
-- Indexes for table `notification_description`
--
ALTER TABLE `notification_description`
  ADD PRIMARY KEY (`notification_description_id`);

--
-- Indexes for table `oauth_access_tokens`
--
ALTER TABLE `oauth_access_tokens`
  ADD PRIMARY KEY (`id`),
  ADD KEY `oauth_access_tokens_user_id_index` (`user_id`);

--
-- Indexes for table `oauth_auth_codes`
--
ALTER TABLE `oauth_auth_codes`
  ADD PRIMARY KEY (`id`),
  ADD KEY `oauth_auth_codes_user_id_index` (`user_id`);

--
-- Indexes for table `oauth_clients`
--
ALTER TABLE `oauth_clients`
  ADD PRIMARY KEY (`id`),
  ADD KEY `oauth_clients_user_id_index` (`user_id`);

--
-- Indexes for table `oauth_personal_access_clients`
--
ALTER TABLE `oauth_personal_access_clients`
  ADD PRIMARY KEY (`id`);

--
-- Indexes for table `oauth_refresh_tokens`
--
ALTER TABLE `oauth_refresh_tokens`
  ADD PRIMARY KEY (`id`);

--
-- Indexes for table `options`
--
ALTER TABLE `options`
  ADD PRIMARY KEY (`option_id`);

--
-- Indexes for table `option_description`
--
ALTER TABLE `option_description`
  ADD PRIMARY KEY (`option_description_id`);

--
-- Indexes for table `pages`
--
ALTER TABLE `pages`
  ADD PRIMARY KEY (`page_id`);

--
-- Indexes for table `page_description`
--
ALTER TABLE `page_description`
  ADD PRIMARY KEY (`page_description_id`);

--
-- Indexes for table `rates`
--
ALTER TABLE `rates`
  ADD PRIMARY KEY (`rate_id`);

--
-- Indexes for table `screen_shots`
--
ALTER TABLE `screen_shots`
  ADD PRIMARY KEY (`screen_shot_id`);

--
-- Indexes for table `services`
--
ALTER TABLE `services`
  ADD PRIMARY KEY (`service_id`);

--
-- Indexes for table `service_description`
--
ALTER TABLE `service_description`
  ADD PRIMARY KEY (`service_description_id`);

--
-- Indexes for table `subscribes`
--
ALTER TABLE `subscribes`
  ADD PRIMARY KEY (`subscribe_id`);

--
-- Indexes for table `trips`
--
ALTER TABLE `trips`
  ADD PRIMARY KEY (`trip_id`);

--
-- Indexes for table `trip_description`
--
ALTER TABLE `trip_description`
  ADD PRIMARY KEY (`trip_description_id`);

--
-- Indexes for table `trip_image`
--
ALTER TABLE `trip_image`
  ADD PRIMARY KEY (`trip_image_id`);

--
-- Indexes for table `trip_information`
--
ALTER TABLE `trip_information`
  ADD PRIMARY KEY (`trip_information_id`);

--
-- Indexes for table `trip_information_description`
--
ALTER TABLE `trip_information_description`
  ADD PRIMARY KEY (`trip_information_description_id`);

--
-- Indexes for table `users`
--
ALTER TABLE `users`
  ADD PRIMARY KEY (`id`);

--
-- Indexes for table `verifications`
--
ALTER TABLE `verifications`
  ADD PRIMARY KEY (`verification_id`);

--
-- AUTO_INCREMENT for dumped tables
--

--
-- AUTO_INCREMENT for table `about_us`
--
ALTER TABLE `about_us`
  MODIFY `about_us_id` int(11) NOT NULL AUTO_INCREMENT, AUTO_INCREMENT=2;

--
-- AUTO_INCREMENT for table `about_us_description`
--
ALTER TABLE `about_us_description`
  MODIFY `about_us_description_id` int(11) NOT NULL AUTO_INCREMENT, AUTO_INCREMENT=3;

--
-- AUTO_INCREMENT for table `administration`
--
ALTER TABLE `administration`
  MODIFY `id` int(11) NOT NULL AUTO_INCREMENT, AUTO_INCREMENT=6;

--
-- AUTO_INCREMENT for table `banners`
--
ALTER TABLE `banners`
  MODIFY `banner_id` int(11) NOT NULL AUTO_INCREMENT, AUTO_INCREMENT=5;

--
-- AUTO_INCREMENT for table `books`
--
ALTER TABLE `books`
  MODIFY `book_id` int(11) NOT NULL AUTO_INCREMENT, AUTO_INCREMENT=8;

--
-- AUTO_INCREMENT for table `book_trip_status`
--
ALTER TABLE `book_trip_status`
  MODIFY `book_trip_status` int(11) NOT NULL AUTO_INCREMENT, AUTO_INCREMENT=2;

--
-- AUTO_INCREMENT for table `broadcasts`
--
ALTER TABLE `broadcasts`
  MODIFY `broadcast_id` int(11) NOT NULL AUTO_INCREMENT, AUTO_INCREMENT=3;

--
-- AUTO_INCREMENT for table `broadcast_guides`
--
ALTER TABLE `broadcast_guides`
  MODIFY `broadcast_guides_id` int(11) NOT NULL AUTO_INCREMENT, AUTO_INCREMENT=2;

--
-- AUTO_INCREMENT for table `categories`
--
ALTER TABLE `categories`
  MODIFY `category_id` int(11) NOT NULL AUTO_INCREMENT, AUTO_INCREMENT=2;

--
-- AUTO_INCREMENT for table `category_description`
--
ALTER TABLE `category_description`
  MODIFY `category_description_id` int(11) NOT NULL AUTO_INCREMENT, AUTO_INCREMENT=3;

--
-- AUTO_INCREMENT for table `cities`
--
ALTER TABLE `cities`
  MODIFY `city_id` int(11) NOT NULL AUTO_INCREMENT, AUTO_INCREMENT=31;

--
-- AUTO_INCREMENT for table `city_description`
--
ALTER TABLE `city_description`
  MODIFY `city_description_id` int(11) NOT NULL AUTO_INCREMENT, AUTO_INCREMENT=64;

--
-- AUTO_INCREMENT for table `contacts`
--
ALTER TABLE `contacts`
  MODIFY `contact_id` int(11) NOT NULL AUTO_INCREMENT, AUTO_INCREMENT=29;

--
-- AUTO_INCREMENT for table `countries`
--
ALTER TABLE `countries`
  MODIFY `country_id` int(11) NOT NULL AUTO_INCREMENT, AUTO_INCREMENT=5;

--
-- AUTO_INCREMENT for table `country_description`
--
ALTER TABLE `country_description`
  MODIFY `country_description_id` int(11) NOT NULL AUTO_INCREMENT, AUTO_INCREMENT=7;

--
-- AUTO_INCREMENT for table `dolanes`
--
ALTER TABLE `dolanes`
  MODIFY `dolane_id` int(11) NOT NULL AUTO_INCREMENT, AUTO_INCREMENT=2;

--
-- AUTO_INCREMENT for table `dolane_description`
--
ALTER TABLE `dolane_description`
  MODIFY `dolane_description_id` int(11) NOT NULL AUTO_INCREMENT, AUTO_INCREMENT=3;

--
-- AUTO_INCREMENT for table `dolane_image`
--
ALTER TABLE `dolane_image`
  MODIFY `dolane_image_id` int(11) NOT NULL AUTO_INCREMENT, AUTO_INCREMENT=5;

--
-- AUTO_INCREMENT for table `faqs`
--
ALTER TABLE `faqs`
  MODIFY `faq_id` int(11) NOT NULL AUTO_INCREMENT, AUTO_INCREMENT=2;

--
-- AUTO_INCREMENT for table `faq_description`
--
ALTER TABLE `faq_description`
  MODIFY `faq_description_id` int(11) NOT NULL AUTO_INCREMENT, AUTO_INCREMENT=3;

--
-- AUTO_INCREMENT for table `history_status`
--
ALTER TABLE `history_status`
  MODIFY `history_status_id` int(11) NOT NULL AUTO_INCREMENT, AUTO_INCREMENT=5;

--
-- AUTO_INCREMENT for table `manage_role`
--
ALTER TABLE `manage_role`
  MODIFY `manage_role_id` int(11) NOT NULL AUTO_INCREMENT, AUTO_INCREMENT=3;

--
-- AUTO_INCREMENT for table `migrations`
--
ALTER TABLE `migrations`
  MODIFY `id` int(10) UNSIGNED NOT NULL AUTO_INCREMENT, AUTO_INCREMENT=6;

--
-- AUTO_INCREMENT for table `nationalities`
--
ALTER TABLE `nationalities`
  MODIFY `nationality_id` int(11) NOT NULL AUTO_INCREMENT, AUTO_INCREMENT=3;

--
-- AUTO_INCREMENT for table `nationality_description`
--
ALTER TABLE `nationality_description`
  MODIFY `nationality_description_id` int(11) NOT NULL AUTO_INCREMENT, AUTO_INCREMENT=5;

--
-- AUTO_INCREMENT for table `notifications`
--
ALTER TABLE `notifications`
  MODIFY `notification_id` int(11) NOT NULL AUTO_INCREMENT, AUTO_INCREMENT=15;

--
-- AUTO_INCREMENT for table `notification_description`
--
ALTER TABLE `notification_description`
  MODIFY `notification_description_id` int(11) NOT NULL AUTO_INCREMENT, AUTO_INCREMENT=29;

--
-- AUTO_INCREMENT for table `oauth_clients`
--
ALTER TABLE `oauth_clients`
  MODIFY `id` bigint(20) UNSIGNED NOT NULL AUTO_INCREMENT, AUTO_INCREMENT=3;

--
-- AUTO_INCREMENT for table `oauth_personal_access_clients`
--
ALTER TABLE `oauth_personal_access_clients`
  MODIFY `id` bigint(20) UNSIGNED NOT NULL AUTO_INCREMENT, AUTO_INCREMENT=2;

--
-- AUTO_INCREMENT for table `options`
--
ALTER TABLE `options`
  MODIFY `option_id` int(11) NOT NULL AUTO_INCREMENT, AUTO_INCREMENT=18;

--
-- AUTO_INCREMENT for table `option_description`
--
ALTER TABLE `option_description`
  MODIFY `option_description_id` int(11) NOT NULL AUTO_INCREMENT, AUTO_INCREMENT=31;

--
-- AUTO_INCREMENT for table `pages`
--
ALTER TABLE `pages`
  MODIFY `page_id` int(11) NOT NULL AUTO_INCREMENT, AUTO_INCREMENT=4;

--
-- AUTO_INCREMENT for table `page_description`
--
ALTER TABLE `page_description`
  MODIFY `page_description_id` int(11) NOT NULL AUTO_INCREMENT, AUTO_INCREMENT=5;

--
-- AUTO_INCREMENT for table `rates`
--
ALTER TABLE `rates`
  MODIFY `rate_id` int(11) NOT NULL AUTO_INCREMENT, AUTO_INCREMENT=4;

--
-- AUTO_INCREMENT for table `screen_shots`
--
ALTER TABLE `screen_shots`
  MODIFY `screen_shot_id` int(11) NOT NULL AUTO_INCREMENT, AUTO_INCREMENT=3;

--
-- AUTO_INCREMENT for table `services`
--
ALTER TABLE `services`
  MODIFY `service_id` int(11) NOT NULL AUTO_INCREMENT, AUTO_INCREMENT=23;

--
-- AUTO_INCREMENT for table `service_description`
--
ALTER TABLE `service_description`
  MODIFY `service_description_id` int(11) NOT NULL AUTO_INCREMENT, AUTO_INCREMENT=43;

--
-- AUTO_INCREMENT for table `subscribes`
--
ALTER TABLE `subscribes`
  MODIFY `subscribe_id` int(11) NOT NULL AUTO_INCREMENT, AUTO_INCREMENT=40;

--
-- AUTO_INCREMENT for table `trips`
--
ALTER TABLE `trips`
  MODIFY `trip_id` int(11) NOT NULL AUTO_INCREMENT, AUTO_INCREMENT=16;

--
-- AUTO_INCREMENT for table `trip_description`
--
ALTER TABLE `trip_description`
  MODIFY `trip_description_id` int(11) NOT NULL AUTO_INCREMENT, AUTO_INCREMENT=30;

--
-- AUTO_INCREMENT for table `trip_image`
--
ALTER TABLE `trip_image`
  MODIFY `trip_image_id` int(11) NOT NULL AUTO_INCREMENT, AUTO_INCREMENT=11;

--
-- AUTO_INCREMENT for table `trip_information`
--
ALTER TABLE `trip_information`
  MODIFY `trip_information_id` int(11) NOT NULL AUTO_INCREMENT, AUTO_INCREMENT=12;

--
-- AUTO_INCREMENT for table `trip_information_description`
--
ALTER TABLE `trip_information_description`
  MODIFY `trip_information_description_id` int(11) NOT NULL AUTO_INCREMENT, AUTO_INCREMENT=19;

--
-- AUTO_INCREMENT for table `users`
--
ALTER TABLE `users`
  MODIFY `id` int(11) NOT NULL AUTO_INCREMENT, AUTO_INCREMENT=170;

--
-- AUTO_INCREMENT for table `verifications`
--
ALTER TABLE `verifications`
  MODIFY `verification_id` int(11) NOT NULL AUTO_INCREMENT, AUTO_INCREMENT=240;
COMMIT;

/*!40101 SET CHARACTER_SET_CLIENT=@OLD_CHARACTER_SET_CLIENT */;
/*!40101 SET CHARACTER_SET_RESULTS=@OLD_CHARACTER_SET_RESULTS */;
/*!40101 SET COLLATION_CONNECTION=@OLD_COLLATION_CONNECTION */;
